{
    "instance_id": "5696955a-15d6-47f5-ba3e-e35ae857299c",
    "results_dir": "/home/snow/github/land/lloyd-gla/results",
    "num_of_elements": 4,
    "variance_of_samples": 1.0,
    "samples_random_seed": 8924.0,
    "trial_random_seed": 8306.0,
    "initial_alphabet_opt": "random",
    "distortion_measure_opt": "gain",
    "num_of_samples": 40,
    "max_num_of_interactions": 1000,
    "percentage_of_sub_samples": 1,
    "initial_codebook": {
        "758d797a-f24a-4cec-b34a-dbea9d2b57f5": {
            "complex_adjust0": [
                0.02251934887434355,
                -0.3349600855439795
            ],
            "complex_adjust1": [
                0.24204302190856744,
                -0.15904768191994426
            ],
            "complex_adjust2": [
                -0.7354473508395716,
                -0.45699742816535927
            ],
            "complex_adjust3": [
                0.15743418714029694,
                0.16999603510871633
            ]
        },
        "3ed8bc63-8344-4e0c-ac56-21e2a1d8303d": {
            "complex_adjust0": [
                0.6413030622450876,
                0.15403930558571505
            ],
            "complex_adjust1": [
                -0.40998749788149635,
                -0.01942410686791603
            ],
            "complex_adjust2": [
                -0.04870554101963085,
                0.33105951614807955
            ],
            "complex_adjust3": [
                0.5162254055869548,
                -0.1344393097697496
            ]
        },
        "8e8a68ba-cfcd-4cbc-8172-e57225d5f6c0": {
            "complex_adjust0": [
                0.29862496084278106,
                0.1366325451366736
            ],
            "complex_adjust1": [
                0.18678065946232716,
                0.559262106295698
            ],
            "complex_adjust2": [
                0.2543064330751495,
                -0.27699584517637527
            ],
            "complex_adjust3": [
                0.40632195483654876,
                -0.4878499471692762
            ]
        },
        "435cf736-62b3-4996-b13a-c0edcb0f84a3": {
            "complex_adjust0": [
                0.34273700534623663,
                0.2757099288419381
            ],
            "complex_adjust1": [
                0.2004289111880577,
                0.14502867836146122
            ],
            "complex_adjust2": [
                0.4983377304899354,
                0.13505371592705512
            ],
            "complex_adjust3": [
                0.6861997364497181,
                0.08865797311994732
            ]
        }
    },
    "lloydcodebook": {
        "7aa7fabe-567d-4a32-8ce0-6e916efb12c2": {
            "complex_adjust0": [
                -0.2593645623175178,
                -0.4274693249975282
            ],
            "complex_adjust1": [
                -0.12931381941712972,
                -0.48298854655959905
            ],
            "complex_adjust2": [
                -0.3981385812888518,
                0.3024659817058777
            ],
            "complex_adjust3": [
                -0.3405417194204432,
                -0.36610290538886486
            ]
        },
        "db521d5a-8663-4a2d-a6ed-909c64b0c051": {
            "complex_adjust0": [
                -0.3282274103984909,
                -0.3771826706823905
            ],
            "complex_adjust1": [
                -0.2249251018832603,
                0.4465520110164156
            ],
            "complex_adjust2": [
                -0.1324149479818531,
                0.4821475723790001
            ],
            "complex_adjust3": [
                0.06173702846105213,
                -0.49617390027771435
            ]
        },
        "cb702231-5d35-48fa-aac4-f19ceea68fbe": {
            "complex_adjust0": [
                0.10883794473954252,
                -0.4880105549933037
            ],
            "complex_adjust1": [
                0.3042869068907925,
                0.3967486336395302
            ],
            "complex_adjust2": [
                0.4799230783195878,
                -0.14026346244211574
            ],
            "complex_adjust3": [
                -0.3602438706629618,
                0.3467338368976515
            ]
        },
        "b24dcfbc-1465-4798-a5cb-ee684f301d4f": {
            "complex_adjust0": [
                0.4973074984630556,
                -0.051819416944017704
            ],
            "complex_adjust1": [
                -0.19072556513565195,
                -0.46219450321665034
            ],
            "complex_adjust2": [
                0.16390815266707345,
                -0.4723707415677514
            ],
            "complex_adjust3": [
                0.4291929390081485,
                0.2565022828466595
            ]
        }
    },
    "sets": {
        "98924ffc-1634-48d1-99dc-c8ad9b913bc8": 12,
        "6d019d79-3ab0-4989-a71a-f6fd76449f54": 9,
        "bc7c1670-cce1-479e-bccc-6368186ecb8b": 6,
        "88512fad-98fa-45c2-a378-1dd6caa0c1b6": 13
    },
    "mean_distortion_by_round": {
        "1": {
            "0": 0.6856234495062588,
            "1": 0.8507817578163598,
            "2": 0.8865021178271411,
            "3": 0.8880298882770365,
            "4": 0.8812759100637125,
            "5": 0.9058804529554354,
            "6": 0.9205091418069251,
            "7": 0.9212072164237597,
            "8": 0.9329621938026523,
            "9": 0.9299643184152447,
            "10": 0.9299643184152447
        }
    }
}