{
    "instance_id": "dab04b7d-fef8-4907-8a23-a11aad8663bc",
    "results_dir": "/home/snow/github/land/lloyd-gla/results",
    "num_of_elements": 4,
    "variance_of_samples": 1.0,
    "samples_random_seed": 4387.0,
    "trial_random_seed": 8904.0,
    "initial_alphabet_opt": "xiaoxiao",
    "distortion_measure_opt": "gain",
    "num_of_samples": 40,
    "max_num_of_interactions": 1000,
    "percentage_of_sub_samples": 1,
    "initial_codebook": {
        "375e66f8-4a8c-4054-8db9-94705bdfc85d": {
            "complex_adjust0": [
                -0.6570546781883038,
                -0.7281402364352351
            ],
            "complex_adjust1": [
                0.11425856788229435,
                0.6804650445577534
            ],
            "complex_adjust2": [
                -0.3931181169445481,
                0.4348097559368781
            ],
            "complex_adjust3": [
                -0.13808669484286937,
                0.48944418643486043
            ]
        },
        "712b92e7-85f9-466e-8b59-47ee6b4795d8": {
            "complex_adjust0": [
                -0.6419049055934687,
                0.3344115861576387
            ],
            "complex_adjust1": [
                -0.2663781573385441,
                1.2202471839634834
            ],
            "complex_adjust2": [
                -0.2805923400239734,
                -0.023760878972367394
            ],
            "complex_adjust3": [
                0.22644796796999558,
                0.984102479953077
            ]
        },
        "d1cc7fc7-6809-4da6-bdc6-42ae20bb9501": {
            "complex_adjust0": [
                0.6581201862541333,
                0.23906133088920284
            ],
            "complex_adjust1": [
                0.6282167563188702,
                0.3640115088486111
            ],
            "complex_adjust2": [
                0.811883913848894,
                1.0631838253523542
            ],
            "complex_adjust3": [
                -0.3587405661607491,
                -1.7154851648858422
            ]
        },
        "b2850545-1f6d-4f9f-a6ad-6a6f33d3dcea": {
            "complex_adjust0": [
                0.8696259565697306,
                1.189432427583163
            ],
            "complex_adjust1": [
                -0.31772183897298856,
                -1.1590485654849274
            ],
            "complex_adjust2": [
                0.26184882935049997,
                -0.11031330047936616
            ],
            "complex_adjust3": [
                -1.5939066919570641,
                -1.0010558238530283
            ]
        }
    },
    "lloydcodebook": {
        "3273f3bf-6adc-4be4-9b38-36424fcf70a4": {
            "complex_adjust0": [
                -0.20339047393620327,
                -0.45676286529446175
            ],
            "complex_adjust1": [
                0.269291901066187,
                -0.4212859741555123
            ],
            "complex_adjust2": [
                -0.10021635532968645,
                -0.4898537354399107
            ],
            "complex_adjust3": [
                0.3188388453156181,
                0.3851516463911369
            ]
        },
        "243fa873-60ea-477b-b81f-3cf756e38936": {
            "complex_adjust0": [
                -0.02277468004581039,
                0.4994810446341392
            ],
            "complex_adjust1": [
                0.35453539159879666,
                0.3525686544545444
            ],
            "complex_adjust2": [
                -0.4909946057367713,
                0.0944684981218211
            ],
            "complex_adjust3": [
                0.318699974853144,
                0.38526656489839
            ]
        },
        "047106a3-5e05-4cc5-97a5-703c65a57530": {
            "complex_adjust0": [
                0.48223469130868013,
                0.13209732207135
            ],
            "complex_adjust1": [
                0.4999354707295909,
                -0.008032752105124278
            ],
            "complex_adjust2": [
                0.31387936404929057,
                0.3892039887051685
            ],
            "complex_adjust3": [
                0.24229617837678383,
                -0.4373700514941618
            ]
        },
        "12d313cb-06f6-4b00-8d40-a2ea3b4582c9": {
            "complex_adjust0": [
                -0.4867407375584745,
                -0.1143829288007271
            ],
            "complex_adjust1": [
                -0.48080215858821007,
                0.13721983929781317
            ],
            "complex_adjust2": [
                -0.06389909691986842,
                -0.4959000962016697
            ],
            "complex_adjust3": [
                -0.48880389389452356,
                -0.10521764734849062
            ]
        }
    },
    "sets": {
        "ef57715c-3d1b-4bd1-a5ec-c7946d7692cc": 9,
        "7da4f645-edcc-4366-8d1a-27003408af46": 10,
        "ce3665d5-2327-4a1e-95fe-266fefd8ad37": 9,
        "c3233fc4-4a0e-46a0-a5f4-e5b8931a9880": 12
    },
    "mean_distortion_by_round": {
        "1": {
            "0": 0.7896884336186211,
            "1": 0.8842379786827393,
            "2": 0.8968935020321822,
            "3": 0.8905272861085616,
            "4": 0.8991811253793269,
            "5": 0.8969428477286258,
            "6": 0.8972081102043639,
            "7": 0.8972081102043639
        }
    }
}