{
    "instance_id": "4c075814-3a3d-4ae6-8f36-3317f98d0552",
    "results_dir": "/home/snow/github/land/lloyd-gla/results",
    "num_of_elements": 4,
    "variance_of_samples": 1.0,
    "samples_random_seed": 260.0,
    "trial_random_seed": 7698.0,
    "initial_alphabet_opt": "random",
    "distortion_measure_opt": "gain",
    "num_of_samples": 40,
    "max_num_of_interactions": 1000,
    "percentage_of_sub_samples": 1,
    "initial_codebook": {
        "b7159356-c98e-4654-95c9-ddc9d2c91967": {
            "complex_adjust0": [
                -0.7958711112660783,
                -0.08244596631792844
            ],
            "complex_adjust1": [
                -0.38242109398150315,
                -0.37970565565347547
            ],
            "complex_adjust2": [
                0.1934776501894668,
                0.1653572020234277
            ],
            "complex_adjust3": [
                0.06776412419383374,
                -0.0009883932129231923
            ]
        },
        "98403ab1-161c-450f-822c-1bfbd2170f18": {
            "complex_adjust0": [
                0.22087934829067532,
                0.0069484464808718715
            ],
            "complex_adjust1": [
                0.40782559983617855,
                -0.0007618003492560434
            ],
            "complex_adjust2": [
                -0.38193170257094866,
                0.7644547094128757
            ],
            "complex_adjust3": [
                -0.20870811825450206,
                -0.10497535697045743
            ]
        },
        "c610fde5-e4b1-4067-95ca-0e59253b6650": {
            "complex_adjust0": [
                0.36568774609845134,
                -0.5402680511400801
            ],
            "complex_adjust1": [
                0.268537106637248,
                -0.17669721886074527
            ],
            "complex_adjust2": [
                -0.1824196475414569,
                -0.15444355715993763
            ],
            "complex_adjust3": [
                0.36963243558205405,
                -0.5265842220241902
            ]
        },
        "e42331bc-a780-4b49-8d8e-04fbf81ee6ad": {
            "complex_adjust0": [
                0.22218821900898691,
                0.3607317951933074
            ],
            "complex_adjust1": [
                -0.06476783860378943,
                -0.1670718157569435
            ],
            "complex_adjust2": [
                0.54304921158103,
                -0.478699910819746
            ],
            "complex_adjust3": [
                -0.39783427211887956,
                -0.32568227437570163
            ]
        }
    },
    "lloydcodebook": {
        "d439f65d-1408-4a2b-b614-0dda4c79cb89": {
            "complex_adjust0": [
                -0.49836797803636795,
                -0.040365312682330116
            ],
            "complex_adjust1": [
                -0.4186373737736946,
                -0.27339120190646937
            ],
            "complex_adjust2": [
                0.20952564944176533,
                0.4539812795986267
            ],
            "complex_adjust3": [
                0.27691876347778704,
                -0.41631238083191024
            ]
        },
        "8e4aa6e1-9411-402a-8488-502b96d7529d": {
            "complex_adjust0": [
                0.4234116708929939,
                0.2659371296972332
            ],
            "complex_adjust1": [
                0.4854359333161755,
                0.11979964376179755
            ],
            "complex_adjust2": [
                -0.06988410875019078,
                0.49509212409832526
            ],
            "complex_adjust3": [
                -0.3514981585870073,
                0.3555967442341719
            ]
        },
        "521e949c-43a0-4ac3-9f15-48d4890ab1c3": {
            "complex_adjust0": [
                -0.07818933595018093,
                -0.49384858787250746
            ],
            "complex_adjust1": [
                0.11375154730300649,
                -0.4868886787410156
            ],
            "complex_adjust2": [
                0.34644819416435124,
                0.360518583099762
            ],
            "complex_adjust3": [
                0.4560585741756581,
                0.2049648187393772
            ]
        },
        "c46eb593-86eb-4519-9f0b-c3fe69b0c874": {
            "complex_adjust0": [
                0.494348645087694,
                -0.07496277142663052
            ],
            "complex_adjust1": [
                -0.3857149394054643,
                0.318157171095418
            ],
            "complex_adjust2": [
                0.03887875955402631,
                -0.49848615031467053
            ],
            "complex_adjust3": [
                -0.41453573960090034,
                0.27957131575598854
            ]
        }
    },
    "sets": {
        "232d4d8f-fe73-4244-b47b-951faeb69c46": 9,
        "9a47597f-faa0-43e2-8740-9404250f9c1a": 12,
        "1e3a5367-3bea-4ff3-be8a-d02f3edbf4b5": 10,
        "38585e0c-33e9-4c42-be3d-46203f0c0d4f": 9
    },
    "mean_distortion_by_round": {
        "1": {
            "0": 0.7629966238070444,
            "1": 0.8857110863902327,
            "2": 0.9050290879058365,
            "3": 0.9129615154766763,
            "4": 0.9118480998475652,
            "5": 0.9171241323806496,
            "6": 0.9343421584215527,
            "7": 0.9180463224284943,
            "8": 0.90429978457153,
            "9": 0.9048908689880223,
            "10": 0.9048908689880223
        }
    }
}