{
    "instance_id": "b0ca15ad-9850-4a0a-8406-cddcd5fca27b",
    "results_dir": "/home/snow/github/land/lloyd-gla/results",
    "num_of_elements": 4,
    "variance_of_samples": 1.0,
    "samples_random_seed": 9055.0,
    "trial_random_seed": 4309.0,
    "initial_alphabet_opt": "katsavounidis",
    "distortion_measure_opt": "gain",
    "num_of_samples": 40,
    "max_num_of_interactions": 1000,
    "percentage_of_sub_samples": 1,
    "initial_codebook": {
        "72457a0d-9d8a-4cec-8b25-b98737fef9d9": {
            "complex_adjust0": [
                0.3948269315449228,
                -0.6768182112203383
            ],
            "complex_adjust1": [
                -0.26385085487083654,
                0.30760937942174954
            ],
            "complex_adjust2": [
                0.12208847701365448,
                0.04161254091233171
            ],
            "complex_adjust3": [
                -0.28797537325340183,
                -0.3496011781757711
            ]
        },
        "6f69744a-368f-47db-97c8-8e345b3bef2c": {
            "complex_adjust0": [
                -0.6744240038872604,
                0.445543093850916
            ],
            "complex_adjust1": [
                -0.4038105793305106,
                -0.23468452278034108
            ],
            "complex_adjust2": [
                0.196268133752538,
                -0.0743632748844479
            ],
            "complex_adjust3": [
                0.19688814599741686,
                0.21374701466454898
            ]
        },
        "8e735be1-ba6e-4a35-a48a-fd73ccfe5d5f": {
            "complex_adjust0": [
                0.03830723739148525,
                -0.23535623416398374
            ],
            "complex_adjust1": [
                0.19380411512272444,
                0.3848742625835247
            ],
            "complex_adjust2": [
                -0.046201561996247066,
                0.732691808682137
            ],
            "complex_adjust3": [
                0.39961381995158046,
                0.24246379034564727
            ]
        },
        "9e3b2bfc-bd20-41ee-ad56-f9b8ccaeaec8": {
            "complex_adjust0": [
                0.6126742442083518,
                -0.03275578351385888
            ],
            "complex_adjust1": [
                -0.376244101507263,
                -0.07764341326516012
            ],
            "complex_adjust2": [
                -0.17847388378437798,
                -0.6410703465511719
            ],
            "complex_adjust3": [
                -0.15246903243004,
                -0.09949011668087375
            ]
        }
    },
    "lloydcodebook": {
        "7d4d1b40-e8e3-45c2-88b5-933d97f7eaa0": {
            "complex_adjust0": [
                0.14371484497038622,
                -0.4789008700505125
            ],
            "complex_adjust1": [
                -0.1882724994141954,
                0.4631991644685165
            ],
            "complex_adjust2": [
                0.19619144279421422,
                0.4599009869247125
            ],
            "complex_adjust3": [
                -0.24069660702234072,
                -0.4382523740585245
            ]
        },
        "6c5a0b03-9900-4c26-8d8d-b92553718afc": {
            "complex_adjust0": [
                -0.4135726153055251,
                0.2809941135848724
            ],
            "complex_adjust1": [
                -0.10913949195628628,
                -0.4879432049896009
            ],
            "complex_adjust2": [
                0.46430275342698996,
                -0.18553423716423817
            ],
            "complex_adjust3": [
                0.19148868499762095,
                0.4618788623848053
            ]
        },
        "c77f10fa-082f-4932-8072-aa79d70c9e08": {
            "complex_adjust0": [
                0.4607347035415274,
                0.1942254693712976
            ],
            "complex_adjust1": [
                -0.18589152960175945,
                0.4641598207754719
            ],
            "complex_adjust2": [
                0.3646440438899685,
                0.34210337802420293
            ],
            "complex_adjust3": [
                -0.4091299342903924,
                0.287424245441367
            ]
        },
        "5cf3cd18-5e30-41e5-941c-6afee973a8c5": {
            "complex_adjust0": [
                -0.40730072839258,
                0.2900105457580358
            ],
            "complex_adjust1": [
                -0.4605333220620204,
                0.19470248912255683
            ],
            "complex_adjust2": [
                -0.24048136091924796,
                -0.4383705225610253
            ],
            "complex_adjust3": [
                0.13102232264239017,
                -0.4825278758469747
            ]
        }
    },
    "sets": {
        "c98037a0-2328-4062-9860-e50ca5a0e355": 11,
        "16d6a3fe-8e3d-4296-96e2-3a650c75c698": 15,
        "d1410718-b11e-4fff-9dfa-00308af462f3": 4,
        "1265668a-926d-4d9a-b88e-545d0561a9c4": 10
    },
    "mean_distortion_by_round": {
        "1": {
            "0": 0.8426857566789572,
            "1": 0.8753779750919481,
            "2": 0.9158645794449845,
            "3": 0.9146341710866748,
            "4": 0.9255137746566307,
            "5": 0.9268810603897343,
            "6": 0.9218368866760999,
            "7": 0.9282962020749045,
            "8": 0.9375249914562989,
            "9": 0.9375249914562989
        }
    }
}