{
    "instance_id": "678d1948-05ab-4f6b-8580-a221d343fa14",
    "results_dir": "/home/snow/github/land/lloyd-gla/results",
    "num_of_elements": 4,
    "variance_of_samples": 1.0,
    "samples_random_seed": 6671.0,
    "trial_random_seed": 5732.0,
    "initial_alphabet_opt": "random",
    "distortion_measure_opt": "gain",
    "num_of_samples": 100,
    "max_num_of_interactions": 1000,
    "percentage_of_sub_samples": 1,
    "initial_codebook": {
        "c79776c0-f655-4335-aa97-0e80254aaa5c": {
            "complex_adjust0": [
                0.4429315048273477,
                0.03540258581130523
            ],
            "complex_adjust1": [
                -0.23121660834770902,
                -0.35728055512171186
            ],
            "complex_adjust2": [
                0.28167037038137116,
                0.07052776269247239
            ],
            "complex_adjust3": [
                0.009688309829712466,
                0.7328312204708647
            ]
        },
        "89ab215e-a69e-401d-9786-4ac5475f7e11": {
            "complex_adjust0": [
                0.13584619808798434,
                -0.18607177971439962
            ],
            "complex_adjust1": [
                -0.38349444822537354,
                -0.18867173672802956
            ],
            "complex_adjust2": [
                -0.4347519251225983,
                0.3748072719722847
            ],
            "complex_adjust3": [
                0.0182680329385798,
                0.6591165592296594
            ]
        },
        "dfc9ceba-f9e6-481f-9692-0dc1820b0a74": {
            "complex_adjust0": [
                0.3256214517898461,
                -0.8170553024983715
            ],
            "complex_adjust1": [
                -0.09104511864061968,
                0.14780292435274694
            ],
            "complex_adjust2": [
                0.42191891793996117,
                0.13143508235895832
            ],
            "complex_adjust3": [
                -0.005353275816153893,
                -0.03061001414180656
            ]
        },
        "a4700684-b266-44fd-89fe-cc4775d849e5": {
            "complex_adjust0": [
                0.35682208805714327,
                -0.04611208257792515
            ],
            "complex_adjust1": [
                0.03303646060831845,
                0.2894091826463693
            ],
            "complex_adjust2": [
                -0.17750820613129475,
                0.20398354611448866
            ],
            "complex_adjust3": [
                0.4175006333865531,
                0.7336738794435423
            ]
        }
    },
    "lloydcodebook": {
        "9c48d943-84c9-4931-b64c-d890f71159ef": {
            "complex_adjust0": [
                -0.12461793443883602,
                0.45994755418162137
            ],
            "complex_adjust1": [
                -0.04708569376339367,
                -0.1519509023461322
            ],
            "complex_adjust2": [
                0.7073117688083282,
                -0.24628575006047732
            ],
            "complex_adjust3": [
                0.18555535035127504,
                0.3901731429967424
            ]
        },
        "35e5a63b-8ae1-49c2-a86a-dc94a55af186": {
            "complex_adjust0": [
                -0.4341917592601503,
                -0.36025347491711446
            ],
            "complex_adjust1": [
                -0.4788278487912494,
                0.15627934108141592
            ],
            "complex_adjust2": [
                -0.27371969222648695,
                0.0891632392751331
            ],
            "complex_adjust3": [
                -0.4313987357460423,
                0.39877084449586064
            ]
        },
        "ff4452f1-e5af-404f-8a7c-a93da7da2ab9": {
            "complex_adjust0": [
                0.7449716086034731,
                -0.4522168664080944
            ],
            "complex_adjust1": [
                0.22641000353980684,
                0.31020564645981447
            ],
            "complex_adjust2": [
                -0.15724240971413816,
                -0.07360066988812408
            ],
            "complex_adjust3": [
                -0.07072158911436997,
                -0.2405917665357635
            ]
        },
        "11d30f78-0f36-4eda-a255-df14e74ada63": {
            "complex_adjust0": [
                0.21933568079504845,
                0.563953696462895
            ],
            "complex_adjust1": [
                -0.04466283738604154,
                0.2689802972994505
            ],
            "complex_adjust2": [
                -0.34596280379912714,
                -0.2809244050992523
            ],
            "complex_adjust3": [
                0.22391823121979815,
                -0.5574538193714453
            ]
        }
    },
    "sets": {
        "30dcc356-d0e0-4f4c-a5e9-66de00045694": 34,
        "ee032889-0f51-402a-a920-7d0698a71983": 24,
        "6307bc7a-f0d1-42b2-a250-cf5d01fd5e29": 21,
        "c5f52be6-7f42-485a-9110-3b03db4bcfca": 21
    },
    "mean_distortion_by_round": {
        "1": {
            "0": 0.5721339601700729,
            "1": 0.8392856869134901,
            "2": 0.8830362833632316,
            "3": 0.8879416069749476,
            "4": 0.8841108651001788,
            "5": 0.8914909725540662,
            "6": 0.8862371432055113,
            "7": 0.882887580339611,
            "8": 0.8859746676409229,
            "9": 0.8857941694517011,
            "10": 0.8857941694517012,
            "11": 0.8857941694517012
        }
    }
}