{
    "instance_id": "4f2e2b06-d32c-41f5-80cb-a4d7f1a7f87a",
    "results_dir": "/home/snow/github/land/lloyd-gla/results",
    "num_of_elements": 4,
    "variance_of_samples": 1.0,
    "samples_random_seed": 1172.0,
    "trial_random_seed": 2302.0,
    "initial_alphabet_opt": "random",
    "distortion_measure_opt": "gain",
    "num_of_samples": 400,
    "max_num_of_interactions": 1000,
    "percentage_of_sub_samples": 1,
    "initial_codebook": {
        "b65c4add-eb72-4c7f-a932-9fccf1722dbf": {
            "complex_adjust0": [
                -0.31264600390037817,
                -0.48011826817046727
            ],
            "complex_adjust1": [
                0.1954635213858317,
                -0.2807977633421986
            ],
            "complex_adjust2": [
                0.3684255376963936,
                0.06168931174622571
            ],
            "complex_adjust3": [
                -0.5785290249243988,
                0.2836314017047644
            ]
        },
        "cef95fbb-b73b-4db6-b90e-2301a44e9d4b": {
            "complex_adjust0": [
                -0.07586664586119424,
                0.6250551787224548
            ],
            "complex_adjust1": [
                0.2120493223130772,
                0.047389689342837736
            ],
            "complex_adjust2": [
                0.07437124241160045,
                0.4490219385123393
            ],
            "complex_adjust3": [
                0.4521334874518676,
                -0.3804774689912059
            ]
        },
        "390b8a94-5363-4ce4-b7bf-80b453f09d63": {
            "complex_adjust0": [
                0.5143335416199168,
                -0.5630684479971678
            ],
            "complex_adjust1": [
                -0.07425775426931026,
                0.07581151830720527
            ],
            "complex_adjust2": [
                0.15561470867625793,
                -0.03006401530798532
            ],
            "complex_adjust3": [
                0.5051544149890496,
                0.3561636771230956
            ]
        },
        "3c941464-d023-4571-a17d-0218e6f0071a": {
            "complex_adjust0": [
                -0.2225074588638564,
                -0.05754255421247529
            ],
            "complex_adjust1": [
                -0.3006049808428925,
                -0.15413534088948655
            ],
            "complex_adjust2": [
                -0.15201690519790045,
                -0.40609524348934517
            ],
            "complex_adjust3": [
                -0.5051139628067696,
                0.6244162279385467
            ]
        }
    },
    "lloydcodebook": {
        "b15c62a6-9af6-4008-ad5d-5ecae39af15b": {
            "complex_adjust0": [
                -0.28475501070404946,
                -0.41099219442580254
            ],
            "complex_adjust1": [
                0.3613703193458903,
                -0.34555967978896096
            ],
            "complex_adjust2": [
                0.4945145114945698,
                -0.07386066558924963
            ],
            "complex_adjust3": [
                -0.3956710668806679,
                -0.3056867789642104
            ]
        },
        "734e6419-34f9-44ce-98b4-5e789a19e527": {
            "complex_adjust0": [
                0.15751779890386106,
                0.47453992774948117
            ],
            "complex_adjust1": [
                -0.34035766555418917,
                0.3662740224183292
            ],
            "complex_adjust2": [
                -0.3463387171708639,
                0.36062375544109726
            ],
            "complex_adjust3": [
                0.1517523521069598,
                -0.4764149699894046
            ]
        },
        "83c08769-c8fc-4c7a-b9b0-5efc0f529730": {
            "complex_adjust0": [
                0.49997637182642196,
                0.004860824548103068
            ],
            "complex_adjust1": [
                0.24724429056761432,
                0.434592062492767
            ],
            "complex_adjust2": [
                0.444480051930857,
                0.22899232178294252
            ],
            "complex_adjust3": [
                0.27799967313647667,
                0.41559136388526186
            ]
        },
        "212f71de-bf11-4bd3-9f77-eec82fe5adf9": {
            "complex_adjust0": [
                -0.44016010305095055,
                0.23718997382304463
            ],
            "complex_adjust1": [
                -0.2768563550577113,
                -0.4163538863324786
            ],
            "complex_adjust2": [
                -0.2639328155727225,
                -0.4246639481564867
            ],
            "complex_adjust3": [
                -0.20755751947859677,
                0.45488446457083137
            ]
        }
    },
    "sets": {
        "55bdb891-69d7-4e86-b770-fd053f7c8906": 109,
        "7ec9061d-a757-46cb-9452-cdf6da66b89b": 105,
        "d75b5ede-2c88-4da1-9816-50a3c1d0908b": 99,
        "e7639625-9d50-46f9-a0c0-87d440709c78": 87
    },
    "mean_distortion_by_round": {
        "1": {
            "0": 0.8095593831870049,
            "1": 0.8343979667613399,
            "2": 0.8604399670413596,
            "3": 0.8679630981113061,
            "4": 0.8740254102272424,
            "5": 0.8783723854694101,
            "6": 0.8779036222023882,
            "7": 0.8777214959589087,
            "8": 0.8794007146581032,
            "9": 0.8786963307494995,
            "10": 0.8788670696346695,
            "11": 0.8792033959560632,
            "12": 0.8792917232459616,
            "13": 0.8795166242863273,
            "14": 0.8795962221013434,
            "15": 0.8795413476863654,
            "16": 0.8793443560881629,
            "17": 0.8793443560881626,
            "18": 0.8793443560881626
        }
    }
}