{
    "instance_id": "b2a619bc-7ac9-48ba-a197-74e76308c36a",
    "results_dir": "/home/snow/github/land/lloyd-gla/results",
    "num_of_elements": 4,
    "variance_of_samples": 1.0,
    "samples_random_seed": 591.0,
    "trial_random_seed": 8344.0,
    "initial_alphabet_opt": "katsavounidis",
    "distortion_measure_opt": "gain",
    "num_of_samples": 40,
    "max_num_of_interactions": 1000,
    "percentage_of_sub_samples": 1,
    "initial_codebook": {
        "9dbef442-d48b-4e73-9bdb-5b4f7465aa0e": {
            "complex_adjust0": [
                0.04705435153800108,
                0.5946306569440931
            ],
            "complex_adjust1": [
                0.04506954133099443,
                -0.2475513635658073
            ],
            "complex_adjust2": [
                -0.02564482326609012,
                -0.11903748026994732
            ],
            "complex_adjust3": [
                0.6799845616572906,
                0.32199494701450404
            ]
        },
        "ec077736-037b-4052-91c3-6cf4fe089d70": {
            "complex_adjust0": [
                -0.1956306573901779,
                -0.48022506338256815
            ],
            "complex_adjust1": [
                0.25133987960878146,
                -0.35822698159444427
            ],
            "complex_adjust2": [
                0.2776475175447564,
                0.48654932680495816
            ],
            "complex_adjust3": [
                -0.37349759886847705,
                -0.2937607550212091
            ]
        },
        "c13ad6f8-d4fd-4720-90b1-4ca8b2cffa4b": {
            "complex_adjust0": [
                0.0038420776718002766,
                0.09836374927748012
            ],
            "complex_adjust1": [
                0.7021455638763539,
                -0.30195206514684436
            ],
            "complex_adjust2": [
                -0.04554904886301698,
                0.5603967221935856
            ],
            "complex_adjust3": [
                0.13182279317473578,
                -0.26949938376835747
            ]
        },
        "fb16618c-7fcb-446c-b642-08ac0b27a1ec": {
            "complex_adjust0": [
                -0.30116432261528325,
                -0.07775858820015655
            ],
            "complex_adjust1": [
                -0.13941241096028095,
                -0.7814310751330112
            ],
            "complex_adjust2": [
                -0.19816880357358407,
                -0.33401238235002084
            ],
            "complex_adjust3": [
                -0.25529681592533676,
                0.23910603659666638
            ]
        }
    },
    "lloydcodebook": {
        "5bffe006-34d6-4441-a7f7-9ac0eae06e1b": {
            "complex_adjust0": [
                0.4078568786173015,
                0.2892278799918012
            ],
            "complex_adjust1": [
                0.4998694118888371,
                0.011426769355688772
            ],
            "complex_adjust2": [
                0.48945957906861437,
                0.10212404446541877
            ],
            "complex_adjust3": [
                0.46912345607110867,
                0.17298318693994102
            ]
        },
        "cdcb5772-fa0d-4465-b7d4-8bd2c6961969": {
            "complex_adjust0": [
                -0.31600449846666534,
                -0.38748052460585847
            ],
            "complex_adjust1": [
                -0.43472723597084345,
                0.24700653899269676
            ],
            "complex_adjust2": [
                0.4699095167613103,
                0.1708363136372119
            ],
            "complex_adjust3": [
                -0.40120881416197146,
                -0.2983814462039231
            ]
        },
        "2e557ca9-f569-4b27-b6e2-5050da22e4e8": {
            "complex_adjust0": [
                -0.39844187405935744,
                -0.30206633873384026
            ],
            "complex_adjust1": [
                -0.28175023282905814,
                0.41305787282264883
            ],
            "complex_adjust2": [
                -0.25688109746178744,
                0.42896631775330296
            ],
            "complex_adjust3": [
                0.49358039849008656,
                0.07986482471255625
            ]
        },
        "ca125416-da3e-4271-b836-0d66a014554d": {
            "complex_adjust0": [
                -0.49635017211926,
                0.060303454604035446
            ],
            "complex_adjust1": [
                -0.25868171234499354,
                -0.42788289484187375
            ],
            "complex_adjust2": [
                -0.3025247611255709,
                -0.39809391970478053
            ],
            "complex_adjust3": [
                0.021553533915852026,
                0.49953522916380805
            ]
        }
    },
    "sets": {
        "cd1267ac-abd7-48ee-ab92-4ea85c837427": 9,
        "d3ab2056-d07b-4dc8-ad22-08e51bdf12a9": 10,
        "141443b9-b2d4-48ef-9863-8f4a35ac2c29": 9,
        "2ea82775-8a09-44e5-9a54-fa739bd24b9e": 12
    },
    "mean_distortion_by_round": {
        "1": {
            "0": 0.6707052506941013,
            "1": 0.8736012512731103,
            "2": 0.9069037221595562,
            "3": 0.9033051484141801,
            "4": 0.8978522345974369,
            "5": 0.8947235225248085,
            "6": 0.8952183996519285,
            "7": 0.8929080616135037,
            "8": 0.8896993975646911,
            "9": 0.9060578691376902,
            "10": 0.9074912584610202,
            "11": 0.9041618633954895,
            "12": 0.9041618633954895
        }
    }
}