{
    "instance_id": "58a9bcd4-c495-4336-94b5-1b2c69ce2596",
    "results_dir": "/home/snow/github/land/lloyd-gla/results",
    "num_of_elements": 4,
    "variance_of_samples": 1.0,
    "samples_random_seed": 7574.0,
    "trial_random_seed": 1847.0,
    "initial_alphabet_opt": "random",
    "distortion_measure_opt": "gain",
    "num_of_samples": 40,
    "max_num_of_interactions": 1000,
    "percentage_of_sub_samples": 1,
    "initial_codebook": {
        "c6a146c6-2693-4f30-8413-e57f728c70b3": {
            "complex_adjust0": [
                -0.37148581428368815,
                -0.6061403122872624
            ],
            "complex_adjust1": [
                0.45762364832028113,
                0.3325272169689712
            ],
            "complex_adjust2": [
                0.3284065025926706,
                -0.10154017495642202
            ],
            "complex_adjust3": [
                -0.11075393375891796,
                0.21016847090081356
            ]
        },
        "f17efdba-5f71-40ce-bf51-7d2313a18eb1": {
            "complex_adjust0": [
                0.21130499272102646,
                -0.1850820815459948
            ],
            "complex_adjust1": [
                -0.4157418576901095,
                -0.11199519781717071
            ],
            "complex_adjust2": [
                0.007216037295082503,
                0.6218595341359656
            ],
            "complex_adjust3": [
                -0.5755412914147249,
                0.13304689796708746
            ]
        },
        "49556669-f19b-426b-a76d-8b6a8cca65b6": {
            "complex_adjust0": [
                -0.19497288455350195,
                -0.22682400022426027
            ],
            "complex_adjust1": [
                0.025370740339445655,
                -0.442182574933751
            ],
            "complex_adjust2": [
                -0.6593065120982005,
                0.32118216997386856
            ],
            "complex_adjust3": [
                0.2239566597971391,
                -0.3554823406289385
            ]
        },
        "b9ef6baa-9b46-4897-8e16-608f74f9afc0": {
            "complex_adjust0": [
                -0.29758600527196216,
                -0.4887879755770768
            ],
            "complex_adjust1": [
                0.22326415832986932,
                -0.2674851379964871
            ],
            "complex_adjust2": [
                0.12264896809172218,
                0.4841277529017062
            ],
            "complex_adjust3": [
                0.5300273492669129,
                0.14416053370900164
            ]
        }
    },
    "lloydcodebook": {
        "7b68b1fe-ab7f-4f49-afa6-bd5e0f6002f1": {
            "complex_adjust0": [
                -0.3531099559774911,
                0.353996269739632
            ],
            "complex_adjust1": [
                0.3747767873391757,
                -0.33097184120665957
            ],
            "complex_adjust2": [
                0.06282309032704021,
                -0.496037558378154
            ],
            "complex_adjust3": [
                0.21473647982424382,
                0.4515398589634055
            ]
        },
        "229f577d-6adb-4903-98fa-ab7c4492444c": {
            "complex_adjust0": [
                0.2693563966870789,
                0.421244740695659
            ],
            "complex_adjust1": [
                -0.45344816041056374,
                0.2106769228469878
            ],
            "complex_adjust2": [
                -0.08583514310226098,
                0.4925772307046017
            ],
            "complex_adjust3": [
                0.06422913305457068,
                0.4958574578112729
            ]
        },
        "5d30a90d-a914-4d2a-a363-7f330f9e21e4": {
            "complex_adjust0": [
                0.46866830802855863,
                -0.17421256283531358
            ],
            "complex_adjust1": [
                -0.08675272848515693,
                0.49241645392937533
            ],
            "complex_adjust2": [
                -0.3243489228212144,
                -0.38052302987430064
            ],
            "complex_adjust3": [
                -0.04626103025674229,
                -0.49785531741619954
            ]
        },
        "2bd70f0a-c275-4142-86fd-c9d3838797ab": {
            "complex_adjust0": [
                -0.21803438551026139,
                -0.4499566720642808
            ],
            "complex_adjust1": [
                0.4533237433643935,
                -0.21094450384424213
            ],
            "complex_adjust2": [
                0.4943141346777609,
                0.07519000104918497
            ],
            "complex_adjust3": [
                -0.4997446581809303,
                0.01597737837147059
            ]
        }
    },
    "sets": {
        "a98d020a-2cdb-4f6f-80b9-57a97ef82880": 10,
        "c59204a3-b770-4838-96ad-6262c4702ed7": 10,
        "50484360-32cf-4882-849a-e8a93e000cd4": 12,
        "13872803-1249-448d-a78c-89ed2659bda0": 8
    },
    "mean_distortion_by_round": {
        "1": {
            "0": 0.648053849369604,
            "1": 0.8731383201229275,
            "2": 0.8873855116381544,
            "3": 0.9122705095806272,
            "4": 0.9310619155476438,
            "5": 0.9415826184025311,
            "6": 0.9421074348937599,
            "7": 0.9402387871291416,
            "8": 0.9402387871291416
        }
    }
}