{
    "instance_id": "ab0da474-ed93-4447-8dc8-544244af0b5a",
    "results_dir": "/home/snow/github/land/lloyd-gla/results",
    "num_of_elements": 4,
    "variance_of_samples": 1.0,
    "samples_random_seed": 4326.0,
    "trial_random_seed": 6742.0,
    "initial_alphabet_opt": "random",
    "distortion_measure_opt": "gain",
    "num_of_samples": 40,
    "max_num_of_interactions": 1000,
    "percentage_of_sub_samples": 1,
    "initial_codebook": {
        "64de3cc2-17fc-46c1-8a0f-3f7a760ce9ab": {
            "complex_adjust0": [
                0.012251749654263008,
                -0.31644812998005856
            ],
            "complex_adjust1": [
                -0.42906816141485005,
                -0.16877086202558758
            ],
            "complex_adjust2": [
                -0.272103291911935,
                -0.39973473108147917
            ],
            "complex_adjust3": [
                -0.24150993811756807,
                -0.628468199467648
            ]
        },
        "31b20c32-c050-4cad-98ed-9f38da4c6edf": {
            "complex_adjust0": [
                -0.3218414751694101,
                0.4116805049058494
            ],
            "complex_adjust1": [
                0.1115710542509627,
                -0.24018626044437705
            ],
            "complex_adjust2": [
                -0.587412013465803,
                -0.3504410246168866
            ],
            "complex_adjust3": [
                0.3535907039784602,
                -0.25280726977255275
            ]
        },
        "4e8f59fa-5dcb-4726-986f-1e4a34455894": {
            "complex_adjust0": [
                0.19237221691208917,
                -0.35558618347762166
            ],
            "complex_adjust1": [
                0.1241019767373159,
                0.6889423522479923
            ],
            "complex_adjust2": [
                -0.43663643131234525,
                -0.08751798713396268
            ],
            "complex_adjust3": [
                -0.37372332097640865,
                -0.09235063110907626
            ]
        },
        "c8389425-4c18-4d01-b95e-afb69f73b50d": {
            "complex_adjust0": [
                0.053828764143417064,
                -0.08838708514234973
            ],
            "complex_adjust1": [
                0.45438830022972976,
                -0.27587183617239686
            ],
            "complex_adjust2": [
                0.26833228175989793,
                0.7027615884103051
            ],
            "complex_adjust3": [
                -0.23196677323441198,
                0.29501108875397375
            ]
        }
    },
    "lloydcodebook": {
        "505410fe-85f8-483f-b1b5-0d18800c884a": {
            "complex_adjust0": [
                -0.47434108628172267,
                -0.15811557122900743
            ],
            "complex_adjust1": [
                -0.1711140212416686,
                -0.4698084628170355
            ],
            "complex_adjust2": [
                -0.33796864696868434,
                0.3684795702154419
            ],
            "complex_adjust3": [
                -0.3862028106711096,
                -0.31756477926516824
            ]
        },
        "b1d4a105-19ef-40f6-92fa-b0d152cd1029": {
            "complex_adjust0": [
                -0.49937426040331406,
                -0.025006959964041228
            ],
            "complex_adjust1": [
                0.43670993605908176,
                -0.24348394556371233
            ],
            "complex_adjust2": [
                -0.46378822251826085,
                -0.18681671406314865
            ],
            "complex_adjust3": [
                0.4971519079225995,
                0.05329146694283477
            ]
        },
        "b1b2dc7b-a8cf-41ab-bfae-5e8e6592dcf1": {
            "complex_adjust0": [
                0.4961655258178722,
                -0.06180429588527327
            ],
            "complex_adjust1": [
                0.49997536484006966,
                -0.004963320767311657
            ],
            "complex_adjust2": [
                0.19566386161647048,
                -0.4601256928898132
            ],
            "complex_adjust3": [
                0.14372367758151244,
                0.4788982193561023
            ]
        },
        "7be43530-c1fc-4ba9-b66d-58205d600042": {
            "complex_adjust0": [
                -0.39384178567705935,
                0.3080400101524236
            ],
            "complex_adjust1": [
                0.25192550552099835,
                0.43189528785110565
            ],
            "complex_adjust2": [
                0.43044032824435424,
                0.2544034666054938
            ],
            "complex_adjust3": [
                -0.2067230543301767,
                0.4552642955563315
            ]
        }
    },
    "sets": {
        "881fba6a-d5b9-4eed-87a5-d463bd7de7d8": 8,
        "a22a1ac7-8531-474d-b06b-8cdba51ad00f": 9,
        "a4bca190-8482-4bea-a5ff-2a5398501ffc": 11,
        "0498c24f-6c0d-4eae-b586-7e8f6dd4b9a0": 12
    },
    "mean_distortion_by_round": {
        "1": {
            "0": 0.7701416331699151,
            "1": 0.8440221287581304,
            "2": 0.913979815714346,
            "3": 0.9359023270856325,
            "4": 0.9428848892337024,
            "5": 0.9405315607833519,
            "6": 0.9407315942313345,
            "7": 0.9441988487492177,
            "8": 0.9441988487492177
        }
    }
}