{
    "instance_id": "f5244460-e618-4588-a14b-d5053f6bef33",
    "results_dir": "/home/snow/github/land/lloyd-gla/results",
    "num_of_elements": 4,
    "variance_of_samples": 1.0,
    "samples_random_seed": 6345.0,
    "trial_random_seed": 5863.0,
    "initial_alphabet_opt": "random",
    "distortion_measure_opt": "gain",
    "num_of_samples": 40,
    "max_num_of_interactions": 1000,
    "percentage_of_sub_samples": 1,
    "initial_codebook": {
        "2f176a84-c6d2-4a50-a6e0-2e30f7069194": {
            "complex_adjust0": [
                -0.13187321786084208,
                0.4822960236317804
            ],
            "complex_adjust1": [
                0.21778623808809355,
                0.4500768317736831
            ],
            "complex_adjust2": [
                -0.4990621980542257,
                -0.03060918936013813
            ],
            "complex_adjust3": [
                -0.38520083480454664,
                0.3187794172556948
            ]
        },
        "a2c5ea2c-87b9-4cab-8746-37ac8e2bb69b": {
            "complex_adjust0": [
                -0.16528702076792537,
                -0.4718900303732464
            ],
            "complex_adjust1": [
                0.4938098992539045,
                0.07843330541835311
            ],
            "complex_adjust2": [
                0.4565351290252336,
                -0.20390114263022982
            ],
            "complex_adjust3": [
                0.49380989925390445,
                -0.07843330541835365
            ]
        },
        "52daa06c-97c2-4dc3-9618-853f70623d2a": {
            "complex_adjust0": [
                -0.36195850405549207,
                -0.3449435335557261
            ],
            "complex_adjust1": [
                -0.11491368129552589,
                -0.4866157065396783
            ],
            "complex_adjust2": [
                0.4780313951481903,
                0.1465809853039429
            ],
            "complex_adjust3": [
                0.2856920277947964,
                -0.41034140085360293
            ]
        },
        "c11423c1-2779-4169-ac89-c832a57262b1": {
            "complex_adjust0": [
                0.4890130696170691,
                0.10424115187243264
            ],
            "complex_adjust1": [
                -0.22171645078537333,
                0.44815378549236545
            ],
            "complex_adjust2": [
                -0.4390775667443598,
                0.23918798126547294
            ],
            "complex_adjust3": [
                0.44911960777892773,
                -0.21975344800139565
            ]
        }
    },
    "lloydcodebook": {
        "7024a728-db8f-4b94-a5fd-d07deb8aecac": {
            "complex_adjust0": [
                0.43020999861571846,
                -0.25479277283915164
            ],
            "complex_adjust1": [
                0.027574099156337597,
                -0.4992390900717976
            ],
            "complex_adjust2": [
                0.09998100300092637,
                0.4899018259191618
            ],
            "complex_adjust3": [
                -0.4735787995348408,
                0.16038429047490615
            ]
        },
        "cf7dafc3-cb19-4727-a671-06eb22189ec8": {
            "complex_adjust0": [
                0.23035217238913996,
                -0.44377683206269786
            ],
            "complex_adjust1": [
                0.3806609658360916,
                0.32418702794642157
            ],
            "complex_adjust2": [
                0.28085450642643056,
                -0.4136674343237162
            ],
            "complex_adjust3": [
                0.27025659597169244,
                -0.4206677695447958
            ]
        },
        "f5129cf1-1b2f-42a0-827c-426153cdd17b": {
            "complex_adjust0": [
                -0.0356355359536766,
                0.49872849184430423
            ],
            "complex_adjust1": [
                -0.29215671140032934,
                -0.40576403978635744
            ],
            "complex_adjust2": [
                0.25845095390848605,
                -0.4280223176702281
            ],
            "complex_adjust3": [
                0.1567188670219019,
                0.47480437731698666
            ]
        },
        "c0bcd4c5-fef0-4fbc-9eb3-2e96ffc26481": {
            "complex_adjust0": [
                0.23999855364303244,
                0.4386350353645414
            ],
            "complex_adjust1": [
                -0.3359063483224594,
                0.3703605340160727
            ],
            "complex_adjust2": [
                -0.49886607920493525,
                -0.03365464334523951
            ],
            "complex_adjust3": [
                0.4509040687007821,
                0.21606832444641297
            ]
        }
    },
    "sets": {
        "aab8cc15-296d-4cc6-8e7c-a4a5eb53975c": 12,
        "119d720c-6e01-4414-8654-0005b75ed154": 8,
        "ddc9dcdd-df7c-4d19-bc16-1a8089c2155b": 9,
        "2006ffe4-6016-443c-82df-9dca3a638fe2": 11
    },
    "mean_distortion_by_round": {
        "1": {
            "0": 0.7736735330641421,
            "1": 0.8369735559423332,
            "2": 0.8729241703928589,
            "3": 0.8826722407761469,
            "4": 0.8958618259348661,
            "5": 0.9138536420621071,
            "6": 0.9251242037050664,
            "7": 0.9201740415343588,
            "8": 0.8881168258285552,
            "9": 0.9069240142831534,
            "10": 0.9069240142831534
        }
    }
}