{
    "instance_id": "ce639c07-fd57-40c1-af0d-c606ab25aa01",
    "results_dir": "/home/snow/github/land/lloyd-gla/results",
    "num_of_elements": 4,
    "variance_of_samples": 1.0,
    "samples_random_seed": 8416.0,
    "trial_random_seed": 9337.0,
    "initial_alphabet_opt": "random",
    "distortion_measure_opt": "gain",
    "num_of_samples": 40,
    "max_num_of_interactions": 1000,
    "percentage_of_sub_samples": 1,
    "initial_codebook": {
        "90f639e5-59ed-4ffb-a3e4-ecc34c88006b": {
            "complex_adjust0": [
                -0.15103278328191513,
                -0.29575983259957545
            ],
            "complex_adjust1": [
                0.3597902826570562,
                0.22029581608788984
            ],
            "complex_adjust2": [
                0.1274459959022575,
                0.2670053538269673
            ],
            "complex_adjust3": [
                0.7019941124605906,
                0.36249944957392766
            ]
        },
        "f214ffb8-104c-4a84-8c41-bc7ee6406247": {
            "complex_adjust0": [
                -0.2396817970546692,
                0.7834604814168705
            ],
            "complex_adjust1": [
                -0.2776812214487507,
                -0.049151264402492595
            ],
            "complex_adjust2": [
                -0.37640926111196443,
                -0.14824400726341677
            ],
            "complex_adjust3": [
                -0.13606495470978675,
                0.2589318698818456
            ]
        },
        "0c0518bb-48cb-4180-b83f-8a8c15908fa8": {
            "complex_adjust0": [
                0.3030046803338827,
                0.838111065239568
            ],
            "complex_adjust1": [
                0.009878687341535096,
                0.3574601641231611
            ],
            "complex_adjust2": [
                0.023140059068255902,
                0.17458429993854657
            ],
            "complex_adjust3": [
                0.21029453446189403,
                -0.051417091292190194
            ]
        },
        "f4294d5a-4b65-42ed-921b-2c17ee2f65d8": {
            "complex_adjust0": [
                0.25253040887913764,
                0.5737703551071556
            ],
            "complex_adjust1": [
                0.1422359535892948,
                0.5925469826922327
            ],
            "complex_adjust2": [
                0.025790173140410638,
                -0.017875975533881296
            ],
            "complex_adjust3": [
                0.36070414180462756,
                -0.32338957551768044
            ]
        }
    },
    "lloydcodebook": {
        "7abb0622-ac95-4629-913c-cb6023a4efb7": {
            "complex_adjust0": [
                -0.2786075656063282,
                -0.4151840849393381
            ],
            "complex_adjust1": [
                0.36496412651374266,
                -0.34176188546714925
            ],
            "complex_adjust2": [
                -0.48053888863009564,
                0.13813897536232322
            ],
            "complex_adjust3": [
                0.2507390932747723,
                0.43258514434009987
            ]
        },
        "f3d5948d-6ef5-454f-88e4-608a325002ac": {
            "complex_adjust0": [
                -0.39641360531073805,
                0.30472324086708974
            ],
            "complex_adjust1": [
                -0.39977618208351284,
                -0.3002981922002361
            ],
            "complex_adjust2": [
                0.47077305183274765,
                -0.1684420780805114
            ],
            "complex_adjust3": [
                -0.48804136195591163,
                0.10869971950386469
            ]
        },
        "58d571db-c7a6-44d8-b3d9-c6215b368517": {
            "complex_adjust0": [
                0.32369260035717023,
                0.3810814879707663
            ],
            "complex_adjust1": [
                -0.2952379521470342,
                0.4035276342606855
            ],
            "complex_adjust2": [
                0.481121205214435,
                -0.13609697238737348
            ],
            "complex_adjust3": [
                0.4901436091054664,
                -0.09878887818508603
            ]
        },
        "c1e22bd1-39e8-4062-95c0-2feb8cb3bcb4": {
            "complex_adjust0": [
                0.49805127331218196,
                0.0441013509103093
            ],
            "complex_adjust1": [
                0.14961280232931665,
                0.4770911960822258
            ],
            "complex_adjust2": [
                -0.2928176454172837,
                -0.405287338233355
            ],
            "complex_adjust3": [
                -0.4788036719222854,
                -0.1440383412627919
            ]
        }
    },
    "sets": {
        "83a8e88e-be5a-4f47-b6d9-87291fec1c69": 13,
        "cabc8870-adbf-4369-b514-2e6b4e165751": 7,
        "f632e9a6-0620-4a98-84d7-42ce65e5d648": 12,
        "0f9c76c9-e069-4569-b766-86b27c7d4fc4": 8
    },
    "mean_distortion_by_round": {
        "1": {
            "0": 0.6842546430110934,
            "1": 0.8571522655748535,
            "2": 0.9008174479003401,
            "3": 0.9187773686986921,
            "4": 0.9228751795320959,
            "5": 0.9273824028863418,
            "6": 0.9273824028863418
        }
    }
}