{
    "instance_id": "43164891-089c-4c8b-ab84-50d5b73aee3f",
    "results_dir": "/home/snow/github/land/lloyd-gla/results",
    "num_of_elements": 4,
    "variance_of_samples": 1.0,
    "samples_random_seed": 1669.0,
    "trial_random_seed": 8583.0,
    "initial_alphabet_opt": "random",
    "distortion_measure_opt": "mse",
    "num_of_samples": 40,
    "max_num_of_interactions": 1000,
    "percentage_of_sub_samples": 1,
    "initial_codebook": {
        "6854b7b3-ac93-42be-9f74-eb73f0f48134": {
            "complex_adjust0": [
                0.030211860933833393,
                0.027582632569486586
            ],
            "complex_adjust1": [
                -0.16967875360362242,
                0.3340019397374496
            ],
            "complex_adjust2": [
                -0.5276762124423472,
                -0.1404997712215408
            ],
            "complex_adjust3": [
                -0.3204988447848272,
                -0.6760742461204823
            ]
        },
        "a0d14a75-3c74-4e34-8662-058a0088d835": {
            "complex_adjust0": [
                -0.34136419533465645,
                0.5106254301915457
            ],
            "complex_adjust1": [
                -0.5228672600903258,
                0.06150317248835733
            ],
            "complex_adjust2": [
                -0.3128787839104338,
                0.13355233817117398
            ],
            "complex_adjust3": [
                0.2871980135261199,
                -0.3838584177260093
            ]
        },
        "96d43191-4965-41f1-a0d3-07f843f930e0": {
            "complex_adjust0": [
                0.1306756363220813,
                -0.05777184195563843
            ],
            "complex_adjust1": [
                -0.26508116041490243,
                -0.6235282465715579
            ],
            "complex_adjust2": [
                0.5298852737009381,
                0.23467992836119264
            ],
            "complex_adjust3": [
                0.15134620630838966,
                -0.40220896340669104
            ]
        },
        "29eeca1b-3380-48aa-97b1-bbcf9fd85bf3": {
            "complex_adjust0": [
                -0.18492599539062607,
                -0.23927602298119924
            ],
            "complex_adjust1": [
                -0.04188792289477674,
                0.679554205415796
            ],
            "complex_adjust2": [
                -0.19293673594057958,
                -0.032257535211651596
            ],
            "complex_adjust3": [
                -0.46066120503810115,
                -0.4410521130114476
            ]
        }
    },
    "lloydcodebook": {
        "48b16725-cc18-4fad-9103-7e24390aae1e": {
            "complex_adjust0": [
                0.2066440790460582,
                0.24786106009877815
            ],
            "complex_adjust1": [
                0.3108996485330296,
                -0.12019257830963317
            ],
            "complex_adjust2": [
                -0.3837102295281251,
                -0.5417806452344165
            ],
            "complex_adjust3": [
                -0.3954053705629437,
                0.43318940116082216
            ]
        },
        "fda5f51d-c296-4ce2-af80-820f58be1145": {
            "complex_adjust0": [
                -0.11509547227310866,
                0.6188397591426459
            ],
            "complex_adjust1": [
                0.046749279194842105,
                0.0629536533103242
            ],
            "complex_adjust2": [
                -0.3308838443129569,
                0.5048186659334338
            ],
            "complex_adjust3": [
                0.4349000825778301,
                -0.2101847793438237
            ]
        },
        "12317895-9b27-43ab-bca4-8d1c8e60f126": {
            "complex_adjust0": [
                0.10259850997347571,
                -0.6123103902785396
            ],
            "complex_adjust1": [
                -0.44664281608479506,
                -0.24557432898079906
            ],
            "complex_adjust2": [
                0.1805989208957023,
                -0.45320084538501726
            ],
            "complex_adjust3": [
                0.3249708321340079,
                -0.10554599598934768
            ]
        },
        "1db84760-2527-406b-a816-6d4e7a389cd5": {
            "complex_adjust0": [
                0.0008526807474476191,
                -0.23540021560447577
            ],
            "complex_adjust1": [
                0.2643784670967323,
                0.46282479323930775
            ],
            "complex_adjust2": [
                0.49147750632527865,
                0.4651488929757979
            ],
            "complex_adjust3": [
                -0.1994623330751701,
                0.40346548074323346
            ]
        }
    },
    "sets": {
        "69f75c68-5202-4151-b1d7-2a691fa7dbf7": 10,
        "6ae9838c-ca7e-4f09-a9fc-fc16f5ee4037": 8,
        "077efb2b-349b-4438-933c-250faa5a331a": 10,
        "f9308d76-3b03-4d5a-aa4b-00292522cd9b": 12
    },
    "mean_distortion_by_round": {
        "1": {
            "0": 0.3606253728604746,
            "1": 0.24324263130474977,
            "2": 0.21971039433519068,
            "3": 0.19905527570117074,
            "4": 0.192827257081727,
            "5": 0.19126002134037612,
            "6": 0.19126002134037612
        }
    }
}