{
    "instance_id": "11e027ea-1990-4ffd-9fff-bc401fcaecd5",
    "results_dir": "/home/snow/github/land/lloyd-gla/results",
    "num_of_elements": 4,
    "variance_of_samples": 1.0,
    "samples_random_seed": 4279.0,
    "trial_random_seed": 4074.0,
    "initial_alphabet_opt": "random",
    "distortion_measure_opt": "gain",
    "num_of_samples": 100,
    "max_num_of_interactions": 1000,
    "percentage_of_sub_samples": 1,
    "initial_codebook": {
        "7492fd5d-0b84-4cd6-9cec-e7b2c000a5c2": {
            "complex_adjust0": [
                0.4120665491707574,
                0.6324578937517
            ],
            "complex_adjust1": [
                0.050271107588375594,
                0.28278848309900056
            ],
            "complex_adjust2": [
                0.06499798719158104,
                0.2092188218658463
            ],
            "complex_adjust3": [
                0.4345835656018399,
                -0.33292871909910843
            ]
        },
        "e1d522c9-5723-48f7-92cb-50399b75ddf2": {
            "complex_adjust0": [
                -0.29053404995396337,
                -0.2867849917012287
            ],
            "complex_adjust1": [
                0.14485271097528996,
                -0.022480409817378696
            ],
            "complex_adjust2": [
                0.18038052389730738,
                0.1937216479225924
            ],
            "complex_adjust3": [
                -0.7195830792986718,
                0.47327755002910843
            ]
        },
        "2fcce03f-8705-4be5-8587-5897b0504679": {
            "complex_adjust0": [
                -0.33975912806266084,
                -0.857740172177497
            ],
            "complex_adjust1": [
                0.18174111966187131,
                -0.14385277390594817
            ],
            "complex_adjust2": [
                0.14669790976020913,
                0.23542857604184
            ],
            "complex_adjust3": [
                -0.1342518271669092,
                -0.012313916999698216
            ]
        },
        "d00b0580-3b4c-4251-a0b9-7c1bb90f2848": {
            "complex_adjust0": [
                -0.2607826138416196,
                0.5108821517337037
            ],
            "complex_adjust1": [
                -0.6485659281766086,
                0.26793915926953527
            ],
            "complex_adjust2": [
                -0.02851106690883724,
                0.1423579884674885
            ],
            "complex_adjust3": [
                0.3898547372450255,
                -0.07414381381507665
            ]
        }
    },
    "lloydcodebook": {
        "12c05801-e37d-4edd-bbc6-17d532837d2d": {
            "complex_adjust0": [
                0.49780615687054597,
                0.04678707280625057
            ],
            "complex_adjust1": [
                0.09794131849384505,
                0.4903136732049059
            ],
            "complex_adjust2": [
                -0.08034345572866593,
                -0.49350271440142646
            ],
            "complex_adjust3": [
                -0.04215217247339145,
                -0.49822002604850546
            ]
        },
        "cddacca4-ac43-4486-a83d-e6b945ee351e": {
            "complex_adjust0": [
                -0.13648207582758,
                0.4810121027352584
            ],
            "complex_adjust1": [
                0.49908375539058236,
                -0.030255662366463754
            ],
            "complex_adjust2": [
                -0.4742753482986891,
                -0.15831264635573883
            ],
            "complex_adjust3": [
                -0.45641388985418085,
                0.20417238096318457
            ]
        },
        "531a6336-e745-469a-9a7f-b85401abbd8f": {
            "complex_adjust0": [
                -0.3964880154187167,
                -0.304626416499501
            ],
            "complex_adjust1": [
                0.2749687314226504,
                -0.4176029175422729
            ],
            "complex_adjust2": [
                0.2565086419739694,
                0.4291891384840371
            ],
            "complex_adjust3": [
                -0.286762881057854,
                -0.40959376221739396
            ]
        },
        "397366a0-de96-43a3-b0d8-8358cb62b521": {
            "complex_adjust0": [
                0.3175283228644567,
                -0.386232784961201
            ],
            "complex_adjust1": [
                -0.377811469030318,
                -0.3275034257365151
            ],
            "complex_adjust2": [
                0.4323783286567236,
                0.2510955613068824
            ],
            "complex_adjust3": [
                0.36447377222219485,
                0.3422847781630431
            ]
        }
    },
    "sets": {
        "36f45fbf-243e-4aa2-a03a-f40025bcf916": 22,
        "67bafe33-8b24-47e7-9578-5713a42b3b01": 25,
        "ebb8f992-1e7a-4f98-aa91-84fe6dd05e47": 26,
        "9bf58eca-1995-4f18-9242-d757d90b5f61": 27
    },
    "mean_distortion_by_round": {
        "1": {
            "0": 0.7830724031005137,
            "1": 0.8514732898912554,
            "2": 0.8645803296325179,
            "3": 0.8810247169938283,
            "4": 0.8778541156403051,
            "5": 0.8772321559583875,
            "6": 0.8653650587029428,
            "7": 0.8759622894323745,
            "8": 0.881306645457846,
            "9": 0.8720108267761415,
            "10": 0.868649636787016,
            "11": 0.868035513785151,
            "12": 0.8692884914183712,
            "13": 0.8719027719288311,
            "14": 0.8719027719288311
        }
    }
}