{
    "instance_id": "ce377510-d495-4b3b-b75f-3b7a79073b20",
    "results_dir": "/home/snow/github/land/lloyd-gla/results",
    "num_of_elements": 4,
    "variance_of_samples": 1.0,
    "samples_random_seed": 2348.0,
    "trial_random_seed": 8393.0,
    "initial_alphabet_opt": "random_from_samples",
    "distortion_measure_opt": "mse",
    "num_of_samples": 40,
    "max_num_of_interactions": 1000,
    "percentage_of_sub_samples": 1,
    "initial_codebook": {
        "21d73650-d1d2-47dc-b3b0-35764f3e88ad": {
            "complex_adjust0": [
                0.5462645860247696,
                0.3951839959177867
            ],
            "complex_adjust1": [
                -0.07145963865370537,
                -0.3758683873750927
            ],
            "complex_adjust2": [
                -0.36565405338718926,
                -0.40277607678235905
            ],
            "complex_adjust3": [
                0.3182716803312255,
                0.042576631544016155
            ]
        },
        "c938eff4-5223-471e-ab79-c1e1b17a9646": {
            "complex_adjust0": [
                -0.34545405302091436,
                -0.14512990398695202
            ],
            "complex_adjust1": [
                -0.16596457779291654,
                -0.36510967318040366
            ],
            "complex_adjust2": [
                -0.3586781404822066,
                -0.04702561976358615
            ],
            "complex_adjust3": [
                -0.7532043568212383,
                -0.023901321717863782
            ]
        },
        "4dc62d1e-3bdf-47ea-88b1-ad63b0a55df5": {
            "complex_adjust0": [
                0.03757532631675964,
                0.690140073171208
            ],
            "complex_adjust1": [
                -0.1779670878499881,
                -0.2865088261634298
            ],
            "complex_adjust2": [
                -0.17913302052197289,
                -0.5399030202094982
            ],
            "complex_adjust3": [
                0.08734965080945269,
                0.27806709740435
            ]
        },
        "92bfbff7-8c4b-4c5a-94c8-d4fdfae8154b": {
            "complex_adjust0": [
                0.6707511269359349,
                -0.17572242728759785
            ],
            "complex_adjust1": [
                -0.42737662213965943,
                0.2112956094345543
            ],
            "complex_adjust2": [
                -0.021752589469617806,
                0.0907439002827767
            ],
            "complex_adjust3": [
                0.23082165927728762,
                -0.479511911808058
            ]
        }
    },
    "lloydcodebook": {
        "ab5ece58-5a35-422f-ad2a-c0b24f03d2e3": {
            "complex_adjust0": [
                0.40859460925641583,
                0.37291602519908695
            ],
            "complex_adjust1": [
                0.09815014689708582,
                -0.22005385644908362
            ],
            "complex_adjust2": [
                -0.5593859334797999,
                -0.1497654184186277
            ],
            "complex_adjust3": [
                0.28631315297331644,
                0.46755684966384814
            ]
        },
        "e9cf4dee-fcbe-4be5-bf71-40a349bdd27d": {
            "complex_adjust0": [
                -0.3233902274720075,
                -0.4521340155234736
            ],
            "complex_adjust1": [
                -0.16503273685709266,
                -0.09102004301467756
            ],
            "complex_adjust2": [
                -0.4522482133629295,
                -0.17538062043137667
            ],
            "complex_adjust3": [
                -0.6368988327196233,
                -0.12060766428718932
            ]
        },
        "0562abfa-2e83-4750-b82d-bb44a8b3de40": {
            "complex_adjust0": [
                -0.22204067852510795,
                0.8441153442224234
            ],
            "complex_adjust1": [
                0.3106251526426034,
                0.11137145708943681
            ],
            "complex_adjust2": [
                0.1562080838642487,
                0.20891091449827207
            ],
            "complex_adjust3": [
                0.1699734183708411,
                -0.17983308151224883
            ]
        },
        "04d1c6b9-3871-4fb4-8ffd-b71b0fe52aa5": {
            "complex_adjust0": [
                0.12334080022155858,
                0.0030947859866605936
            ],
            "complex_adjust1": [
                -0.6624023070216655,
                0.23786869136561828
            ],
            "complex_adjust2": [
                0.5917882775440764,
                0.17439407003519036
            ],
            "complex_adjust3": [
                0.16079340078921261,
                -0.2879895202631545
            ]
        }
    },
    "sets": {
        "e59c6096-eb74-4449-8088-42c9e800218d": 6,
        "c71d5d57-d089-411d-8ff8-dac1357d6287": 15,
        "461ff898-6554-440b-8415-62ca2e274d6f": 7,
        "5ac2f0a2-01b2-4422-9b80-4da810bc2293": 12
    },
    "mean_distortion_by_round": {
        "1": {
            "0": 0.31326335421988033,
            "1": 0.2561677753365086,
            "2": 0.23712650399351737,
            "3": 0.23468055712211863,
            "4": 0.23285492856586132,
            "5": 0.23285492856586132
        }
    }
}