{
    "instance_id": "b20afce4-d50a-463b-ae23-bd1757a2483c",
    "results_dir": "/home/snow/github/land/lloyd-gla/results",
    "num_of_elements": 4,
    "variance_of_samples": 1.0,
    "samples_random_seed": 1097.0,
    "trial_random_seed": 6681.0,
    "initial_alphabet_opt": "random_from_samples",
    "distortion_measure_opt": "gain",
    "num_of_samples": 40,
    "max_num_of_interactions": 1000,
    "percentage_of_sub_samples": 1,
    "initial_codebook": {
        "374d4635-b949-48ea-87d6-5e1b5ee4d8f6": {
            "complex_adjust0": [
                -0.07264063693345262,
                0.5476670614868158
            ],
            "complex_adjust1": [
                -0.28761769226524186,
                -0.22308423683227413
            ],
            "complex_adjust2": [
                -0.282225590119559,
                -0.3417900736252816
            ],
            "complex_adjust3": [
                0.5359275994900494,
                -0.2803631287437806
            ]
        },
        "dfa81c32-4ff6-40fb-9d01-3e5b4d17adf4": {
            "complex_adjust0": [
                -0.07263231681263008,
                0.7053341463772806
            ],
            "complex_adjust1": [
                0.012498630935427735,
                0.3164808675727362
            ],
            "complex_adjust2": [
                0.11094205734931104,
                -0.5839902249296052
            ],
            "complex_adjust3": [
                0.13135665726014198,
                -0.1621870490668832
            ]
        },
        "eab90743-f121-432c-af11-9c331e651d9b": {
            "complex_adjust0": [
                0.2915431137513039,
                0.49400395366369393
            ],
            "complex_adjust1": [
                0.5058181611528257,
                0.632044245994181
            ],
            "complex_adjust2": [
                0.03593905500082827,
                0.06020905073057936
            ],
            "complex_adjust3": [
                0.04263147205463656,
                -0.09432167125681838
            ]
        },
        "3525e861-7dc4-4b7f-a6d2-a2ebe1f6b24d": {
            "complex_adjust0": [
                -0.17731023128750253,
                0.2746542213512796
            ],
            "complex_adjust1": [
                0.4374910260217124,
                -0.09361073364422891
            ],
            "complex_adjust2": [
                0.26395206246603337,
                -0.5856834476200222
            ],
            "complex_adjust3": [
                0.2958300123988423,
                -0.439037111118987
            ]
        }
    },
    "lloydcodebook": {
        "83952476-dd27-4784-b9db-43aa7695ac51": {
            "complex_adjust0": [
                -0.2791818380256111,
                0.4147981452666362
            ],
            "complex_adjust1": [
                -0.3948095306998078,
                -0.3067986872015549
            ],
            "complex_adjust2": [
                -0.4240990225731862,
                -0.2648396100519484
            ],
            "complex_adjust3": [
                -0.17698782868637616,
                -0.4676273179540327
            ]
        },
        "c36b6d9f-b859-41ee-8119-de93c014f1f4": {
            "complex_adjust0": [
                0.21335450726248947,
                0.4521944871742471
            ],
            "complex_adjust1": [
                -0.03372801460992025,
                0.4988611239919112
            ],
            "complex_adjust2": [
                0.45633281503619466,
                -0.20435352192008374
            ],
            "complex_adjust3": [
                -0.2497694947389794,
                -0.43314570238874
            ]
        },
        "011ddced-0c47-47dc-9698-e199702fd6b1": {
            "complex_adjust0": [
                0.36923828086084676,
                -0.3371395733919803
            ],
            "complex_adjust1": [
                0.45091133144538026,
                -0.2160531674707743
            ],
            "complex_adjust2": [
                0.4731938069418447,
                -0.1615166278495319
            ],
            "complex_adjust3": [
                -0.49343478999888557,
                0.08075956920858171
            ]
        },
        "03619dcd-ace8-4fa9-b424-ca58b0d3ffd2": {
            "complex_adjust0": [
                -0.4809722626524192,
                -0.13662240870008205
            ],
            "complex_adjust1": [
                0.46965438223592576,
                -0.17153647205941644
            ],
            "complex_adjust2": [
                0.4815788318871781,
                -0.13446869032671155
            ],
            "complex_adjust3": [
                0.4137221483090688,
                0.2807739019184812
            ]
        }
    },
    "sets": {
        "71ef8bd4-d9f7-493d-8d85-e6d68ddcac63": 10,
        "9622100e-e64c-4456-aeed-feb3a629db9d": 8,
        "ae8f1d28-ad6d-464e-8f5d-d35a56ddaca1": 10,
        "abb277e6-ad74-4381-8251-4d3ecdadef91": 12
    },
    "mean_distortion_by_round": {
        "1": {
            "0": 0.5859717184991196,
            "1": 0.8491151748012369,
            "2": 0.8998539801270968,
            "3": 0.9323174707189226,
            "4": 0.920525987463221,
            "5": 0.906816976139803,
            "6": 0.8891229173088673,
            "7": 0.8795595661195419,
            "8": 0.884242519542404,
            "9": 0.884242519542404
        }
    }
}