{
    "instance_id": "6d614d8f-a479-470e-8a93-9345bf83c756",
    "results_dir": "/home/snow/github/land/lloyd-gla/results",
    "num_of_elements": 4,
    "variance_of_samples": 1.0,
    "samples_random_seed": 3807.0,
    "trial_random_seed": 6487.0,
    "initial_alphabet_opt": "katsavounidis",
    "distortion_measure_opt": "gain",
    "num_of_samples": 40,
    "max_num_of_interactions": 1000,
    "percentage_of_sub_samples": 1,
    "initial_codebook": {
        "675b7e6f-b795-4d86-aa7c-10f47509ae75": {
            "complex_adjust0": [
                -0.7040892118885657,
                0.34022679143145035
            ],
            "complex_adjust1": [
                -0.08914933099661333,
                -0.15477069483788652
            ],
            "complex_adjust2": [
                0.46866050520359026,
                0.13698490746324954
            ],
            "complex_adjust3": [
                0.34354728420715547,
                0.013048770062397927
            ]
        },
        "3d82088d-f881-49c9-bfea-a4e65b5539f4": {
            "complex_adjust0": [
                0.43642810000558013,
                -0.27137552684635186
            ],
            "complex_adjust1": [
                -0.0163780219162727,
                0.5901876757160668
            ],
            "complex_adjust2": [
                -0.33974563771748095,
                0.40206192249319256
            ],
            "complex_adjust3": [
                0.32899137675853146,
                0.04449596540033048
            ]
        },
        "f60b3191-2c52-4aee-b6d9-c112e17197cb": {
            "complex_adjust0": [
                -0.11026330656210219,
                0.1897275097099904
            ],
            "complex_adjust1": [
                -0.38350469617482724,
                -0.16258840846241723
            ],
            "complex_adjust2": [
                -0.14781666652817704,
                -0.7406778527720997
            ],
            "complex_adjust3": [
                0.22280452011337223,
                -0.3977930744208706
            ]
        },
        "1e8f2640-4e3b-46d4-bdaf-fdea77795ba0": {
            "complex_adjust0": [
                -0.40030592046094143,
                0.09564944994807655
            ],
            "complex_adjust1": [
                0.3185855361736279,
                0.20655902949238736
            ],
            "complex_adjust2": [
                0.3523261995779173,
                -0.12129927237767803
            ],
            "complex_adjust3": [
                -0.7366386165888452,
                0.07042201648897613
            ]
        }
    },
    "lloydcodebook": {
        "85100aa0-7953-40a7-894c-085b381cb216": {
            "complex_adjust0": [
                -0.5043966950288157,
                0.2439556663193419
            ],
            "complex_adjust1": [
                0.015501196723297583,
                -0.10570390429818416
            ],
            "complex_adjust2": [
                0.46748106659203975,
                0.3820782673951112
            ],
            "complex_adjust3": [
                0.5449069582776858,
                0.1149350304034369
            ]
        },
        "5ba69208-e53d-49a2-8804-3ba81ba3eb76": {
            "complex_adjust0": [
                0.7194957304310452,
                -0.0009195203735605042
            ],
            "complex_adjust1": [
                0.3868264589824581,
                0.13278549286322056
            ],
            "complex_adjust2": [
                -0.30589568972085535,
                0.34310044741738405
            ],
            "complex_adjust3": [
                0.3211511514494356,
                0.025103780688147486
            ]
        },
        "7e3d2e31-ae00-4cca-b855-f8f8607d4c47": {
            "complex_adjust0": [
                -0.19599904632044185,
                -0.14653973860497355
            ],
            "complex_adjust1": [
                -0.4536735300348086,
                0.18965824610786014
            ],
            "complex_adjust2": [
                0.4458565728916803,
                -0.13602913409382053
            ],
            "complex_adjust3": [
                -0.6860442454573836,
                -0.10184223604128956
            ]
        },
        "0f83092b-e74d-4d9e-8f1b-7b60851f66f4": {
            "complex_adjust0": [
                -0.7394612871193769,
                -0.2654620664889658
            ],
            "complex_adjust1": [
                0.0751533632058052,
                0.13521147390340668
            ],
            "complex_adjust2": [
                -0.17998244433363286,
                -0.564896946034774
            ],
            "complex_adjust3": [
                -0.04579995635793767,
                0.07208917755651309
            ]
        }
    },
    "sets": {
        "9ee623ea-266a-47bd-b189-2137bde80ee9": 6,
        "8319bd03-7f00-4295-a936-84b35d122c9c": 13,
        "092aca66-8f9d-4a98-a270-9b6e2117afcc": 8,
        "6ccedb3c-74bf-4150-a318-03ef44bed320": 13
    },
    "mean_distortion_by_round": {
        "1": {
            "0": 0.8079635289025558,
            "1": 0.8813538878182949,
            "2": 0.9051251533020974,
            "3": 0.9177798216498576,
            "4": 0.8944471078775178,
            "5": 0.8965006477101749,
            "6": 0.8898244685125396,
            "7": 0.9003094016860163,
            "8": 0.8976169032502297,
            "9": 0.8970856830990988,
            "10": 0.9003605083133734,
            "11": 0.9112272737181923,
            "12": 0.917119865156633,
            "13": 0.9162756154344048,
            "14": 0.9162756154344048
        }
    }
}