{
    "instance_id": "234b5d23-27a6-4a52-a413-8b6f18a9a88d",
    "results_dir": "/home/snow/github/land/lloyd-gla/results",
    "num_of_elements": 4,
    "variance_of_samples": 1.0,
    "samples_random_seed": 6331.0,
    "trial_random_seed": 9924.0,
    "initial_alphabet_opt": "unitary_until_num_of_elements",
    "distortion_measure_opt": "mse",
    "num_of_samples": 40,
    "max_num_of_interactions": 1000,
    "percentage_of_sub_samples": 1,
    "initial_codebook": {
        "ba81f98c-d396-43c5-895b-46113eacb606": {
            "complex_adjust0": [
                0.007610299360585636,
                -0.2913970100299211
            ],
            "complex_adjust1": [
                0.2910977208021779,
                -0.31757272198196035
            ],
            "complex_adjust2": [
                -0.39223108113279165,
                0.2181236770441492
            ],
            "complex_adjust3": [
                0.22357497314440022,
                -0.6913975853122659
            ]
        }
    },
    "lloydcodebook": {
        "62607642-4520-4566-aaec-7ef3b9747f9a": {
            "complex_adjust0": [
                -0.03951688832908345,
                -0.506040299669628
            ],
            "complex_adjust1": [
                0.3797211857793443,
                -0.33405552050476184
            ],
            "complex_adjust2": [
                -0.18886935357231574,
                -0.6059079636392015
            ],
            "complex_adjust3": [
                0.1670158137136789,
                -0.23641062959818557
            ]
        },
        "f5918448-f87c-47d9-83a5-e9bf4811e99f": {
            "complex_adjust0": [
                0.14804678486029219,
                0.2522107179093873
            ],
            "complex_adjust1": [
                -0.6786754624752037,
                -0.23229650824454448
            ],
            "complex_adjust2": [
                -0.04238832028011601,
                0.16215760433989476
            ],
            "complex_adjust3": [
                -0.25804217604166513,
                0.5524782612898731
            ]
        },
        "a1787c41-7176-40e4-9c1c-79794e8c38a4": {
            "complex_adjust0": [
                -0.39960730466319666,
                0.3073559751202319
            ],
            "complex_adjust1": [
                0.529182879349688,
                0.537321783574347
            ],
            "complex_adjust2": [
                0.2047846521774539,
                0.16638863977029156
            ],
            "complex_adjust3": [
                0.03174306672851077,
                -0.3262936288375603
            ]
        },
        "77476d3b-c65b-41a0-a599-5bfc88234fa5": {
            "complex_adjust0": [
                0.27207369773640755,
                -0.05993178222654401
            ],
            "complex_adjust1": [
                -0.11327304913455928,
                -0.09725589375544753
            ],
            "complex_adjust2": [
                -0.24297149162243034,
                0.7402423793124346
            ],
            "complex_adjust3": [
                0.17364807396676046,
                -0.5127835922541287
            ]
        }
    },
    "sets": {
        "153bd403-c10f-41f2-918e-cdbfa1c2892a": 13,
        "4f39fbe3-a4f8-4244-8e6e-4cf4bc286e98": 10,
        "1d20a41f-4723-4efd-a563-f0decbc79a0f": 8,
        "15293224-96e8-4137-859b-0a735f1865cd": 9
    },
    "mean_distortion_by_round": {
        "1": {
            "0": 1.002841775133198,
            "1": 0.33019901919852873,
            "2": 0.32063608606115046,
            "3": 0.32063608606115046
        },
        "2": {
            "0": 0.4838921241561229,
            "1": 0.3283262923472673,
            "2": 0.265691189248427,
            "3": 0.2284547930596321,
            "4": 0.22438207682419026,
            "5": 0.22284839770128292,
            "6": 0.2185910124790624,
            "7": 0.21710778378172169,
            "8": 0.21710778378172169
        }
    }
}