{
    "instance_id": "5000de7f-fc77-4979-852a-218ab2e1518d",
    "results_dir": "/home/snow/github/land/lloyd-gla/results",
    "num_of_elements": 4,
    "variance_of_samples": 1.0,
    "samples_random_seed": 9975.0,
    "trial_random_seed": 4002.0,
    "initial_alphabet_opt": "random",
    "distortion_measure_opt": "gain",
    "num_of_samples": 40000,
    "max_num_of_interactions": 1000,
    "percentage_of_sub_samples": 1,
    "initial_codebook": {
        "9fa983d6-25e4-437c-99db-7cbd3bebfaa1": {
            "complex_adjust0": [
                0.299577642504195,
                0.7730619875623586
            ],
            "complex_adjust1": [
                0.34619285044177406,
                0.26632780457556643
            ],
            "complex_adjust2": [
                0.21154946902051872,
                0.0007028919583808636
            ],
            "complex_adjust3": [
                -0.19959649590832612,
                0.19301807488386108
            ]
        },
        "45840027-8cda-4ba3-a33f-5adbaf48bbda": {
            "complex_adjust0": [
                0.6365194116137138,
                0.03257212817804696
            ],
            "complex_adjust1": [
                0.4557155340383053,
                0.5035281489143527
            ],
            "complex_adjust2": [
                0.1985003595558926,
                -0.1438926908686771
            ],
            "complex_adjust3": [
                -0.20503814457014483,
                0.1744038716139557
            ]
        },
        "d3e700d2-781a-43f2-875e-1db2be040921": {
            "complex_adjust0": [
                0.3893548716935086,
                0.3302076601226627
            ],
            "complex_adjust1": [
                0.3487498232541766,
                -0.13172959484109378
            ],
            "complex_adjust2": [
                -0.20673301458782983,
                0.6391306862027236
            ],
            "complex_adjust3": [
                -0.27748726500064397,
                -0.2686276309391043
            ]
        },
        "159b96e2-5a35-40c3-9a2e-ca462d053339": {
            "complex_adjust0": [
                0.08027862829727914,
                0.18711658403247475
            ],
            "complex_adjust1": [
                0.16733161034995217,
                0.16342276295873195
            ],
            "complex_adjust2": [
                -0.28168031971710383,
                0.16005407163864638
            ],
            "complex_adjust3": [
                -0.8236571213676753,
                0.3470788045957671
            ]
        }
    },
    "lloydcodebook": {
        "12cc0daa-b5b8-44a3-8184-37e15a197a1c": {
            "complex_adjust0": [
                -0.4996707856485712,
                -0.01814127805143893
            ],
            "complex_adjust1": [
                -0.021707343973069226,
                0.4995285689704192
            ],
            "complex_adjust2": [
                0.05899210908497697,
                0.49650773515193714
            ],
            "complex_adjust3": [
                0.3141513979099539,
                0.38898444595024856
            ]
        },
        "927b0cda-8501-4dbc-9bdd-cce3ff8042ac": {
            "complex_adjust0": [
                0.49342037189724886,
                0.08084761342662267
            ],
            "complex_adjust1": [
                0.49372326077993955,
                0.07897684321890676
            ],
            "complex_adjust2": [
                -0.02219395078802483,
                -0.49950718568246716
            ],
            "complex_adjust3": [
                0.42032251342473487,
                -0.2707932508544361
            ]
        },
        "17b6094b-5d04-4f82-a807-9372c2319c23": {
            "complex_adjust0": [
                -0.07253038195525142,
                0.49471137412983074
            ],
            "complex_adjust1": [
                0.04353920118017958,
                -0.49810073073685796
            ],
            "complex_adjust2": [
                0.4997911667213873,
                0.01444955595423154
            ],
            "complex_adjust3": [
                -0.28626288822304446,
                -0.4099433605099621
            ]
        },
        "80bb1822-6715-4770-93f0-b468a0cb9946": {
            "complex_adjust0": [
                0.13284227131298434,
                -0.4820300104271595
            ],
            "complex_adjust1": [
                -0.48207561152912737,
                -0.13267669263596335
            ],
            "complex_adjust2": [
                -0.4957356338003442,
                -0.06516272999630246
            ],
            "complex_adjust3": [
                -0.4491526578615152,
                0.21968588925084984
            ]
        }
    },
    "sets": {
        "290a3c7f-b5ef-4bc6-abba-77851145a705": 10704,
        "5de96f26-b7dc-4d36-9e26-e44e95267497": 9612,
        "152fe970-89f9-4c75-b2b0-1730aea6f4d9": 9236,
        "f2eb4408-2d28-4976-837d-1e94783827fc": 10448
    },
    "mean_distortion_by_round": {
        "1": {
            "0": 0.5556972242780832,
            "1": 0.8156782113899645,
            "2": 0.8310201828669411,
            "3": 0.8401142111447245,
            "4": 0.8467169784394313,
            "5": 0.8508186377238921,
            "6": 0.8526922560399562,
            "7": 0.8533435727648504,
            "8": 0.8535341305837671,
            "9": 0.8536729475623389,
            "10": 0.8537062510273404,
            "11": 0.8536969389264066,
            "12": 0.8537304426463633,
            "13": 0.8538102939826165,
            "14": 0.8539071179463128,
            "15": 0.8539622407839436,
            "16": 0.8539577204001493,
            "17": 0.8540352849065738,
            "18": 0.8541150732470576,
            "19": 0.8541933908977808,
            "20": 0.8542528768662276,
            "21": 0.8542769304279624,
            "22": 0.8543541816642278,
            "23": 0.8544020376693139,
            "24": 0.8545163447098519,
            "25": 0.8545669454291561,
            "26": 0.8546180731368735,
            "27": 0.8545945892270024,
            "28": 0.8545944246697689,
            "29": 0.854621344232727,
            "30": 0.8547050506722058,
            "31": 0.8548219649995895,
            "32": 0.8549253661074186,
            "33": 0.8550273868927437,
            "34": 0.8551247828216115,
            "35": 0.8551842554911182,
            "36": 0.8552109330832216,
            "37": 0.8552633500765171,
            "38": 0.8553496655253997,
            "39": 0.8553971213177872,
            "40": 0.8554434263835566,
            "41": 0.8554835043258483,
            "42": 0.8555323433234522,
            "43": 0.855605509980667,
            "44": 0.8556181533267047,
            "45": 0.85565481902259,
            "46": 0.8556787773709933,
            "47": 0.8557107705551534,
            "48": 0.8557666573257993,
            "49": 0.8558225913862836,
            "50": 0.8558936019166654,
            "51": 0.8559069226083679,
            "52": 0.8559403698964283,
            "53": 0.8559900529000238,
            "54": 0.8560290043486655,
            "55": 0.8560527222504792,
            "56": 0.8560731198403304,
            "57": 0.8560861123650768,
            "58": 0.8561057590494751,
            "59": 0.8561135660727599,
            "60": 0.8561311046611636,
            "61": 0.8561611633083401,
            "62": 0.8561553180811138,
            "63": 0.8561559324937722,
            "64": 0.8561587268393523,
            "65": 0.8561649857168442,
            "66": 0.8561632810541376,
            "67": 0.8561632630768565,
            "68": 0.8561439954698313,
            "69": 0.8561327268085093,
            "70": 0.8561260682028087,
            "71": 0.8561146849175318,
            "72": 0.8561216911106175,
            "73": 0.8561315369590605,
            "74": 0.856145045958839,