{
    "instance_id": "21f72eca-62e1-414d-8dd5-3afa696eac07",
    "results_dir": "/home/snow/github/land/lloyd-gla/results",
    "num_of_elements": 4,
    "variance_of_samples": 1.0,
    "samples_random_seed": 3067.0,
    "trial_random_seed": 9197.0,
    "initial_alphabet_opt": "random",
    "distortion_measure_opt": "gain",
    "num_of_samples": 100,
    "max_num_of_interactions": 1000,
    "percentage_of_sub_samples": 1,
    "initial_codebook": {
        "2f771e8d-27a8-490d-b417-1ffacdbbf2b4": {
            "complex_adjust0": [
                0.018155628970027662,
                0.642808289609305
            ],
            "complex_adjust1": [
                0.12767265142948067,
                0.5901589816323951
            ],
            "complex_adjust2": [
                0.44537186322709266,
                0.08156078690461967
            ],
            "complex_adjust3": [
                -0.07563340285207519,
                0.10559960359767427
            ]
        },
        "639a2277-3723-430b-a708-985ca65275ec": {
            "complex_adjust0": [
                0.7388628773413211,
                -0.03167238616016005
            ],
            "complex_adjust1": [
                -0.437169379338958,
                0.3549612658067785
            ],
            "complex_adjust2": [
                -0.14819444208746338,
                -0.003688495965741711
            ],
            "complex_adjust3": [
                -0.014663109949999331,
                -0.33730362809426745
            ]
        },
        "c333390c-e09c-4233-a002-099c80c7c79d": {
            "complex_adjust0": [
                0.07454797113335755,
                -0.7682370788568762
            ],
            "complex_adjust1": [
                0.23860318349489076,
                -0.2579282875334002
            ],
            "complex_adjust2": [
                0.2756598261861037,
                -0.4095904898266887
            ],
            "complex_adjust3": [
                0.0921106989828999,
                -0.1689935501402548
            ]
        },
        "c6a1588d-6629-4357-8de9-728c9a73d8af": {
            "complex_adjust0": [
                -0.4037199653531909,
                -0.4642997364626713
            ],
            "complex_adjust1": [
                0.2629804159167178,
                0.4993803153937991
            ],
            "complex_adjust2": [
                0.2945082770989002,
                -0.19143840949042895
            ],
            "complex_adjust3": [
                -0.3114004366137274,
                0.28730214740959464
            ]
        }
    },
    "lloydcodebook": {
        "83040cef-25bc-4a35-b8a0-a8f401d136f2": {
            "complex_adjust0": [
                0.3098588811018076,
                0.39241237722877176
            ],
            "complex_adjust1": [
                0.07144144486708967,
                0.4948698010136632
            ],
            "complex_adjust2": [
                0.4925366662667089,
                -0.08606760356183182
            ],
            "complex_adjust3": [
                0.33820512526466157,
                0.36826253304499307
            ]
        },
        "9bac1792-9908-4a1a-9275-745e917bce3e": {
            "complex_adjust0": [
                0.3865037824617238,
                0.3171984018603821
            ],
            "complex_adjust1": [
                -0.2506853724485351,
                -0.4326162780575174
            ],
            "complex_adjust2": [
                -0.07456549101472149,
                0.49440872519579737
            ],
            "complex_adjust3": [
                0.2619852671166903,
                -0.42586819535367565
            ]
        },
        "ec40803d-dac4-44fa-a0b9-94921c57da2c": {
            "complex_adjust0": [
                -0.4985434587159412,
                -0.038136855816213226
            ],
            "complex_adjust1": [
                0.32298334923568556,
                -0.3816827951539068
            ],
            "complex_adjust2": [
                -0.053224561568944125,
                -0.4971590751920291
            ],
            "complex_adjust3": [
                -0.11550225322665522,
                -0.48647634012309954
            ]
        },
        "0fa3cdce-3943-4d73-88c0-2f15c2c0a304": {
            "complex_adjust0": [
                -0.3417578760942375,
                -0.3649678809533187
            ],
            "complex_adjust1": [
                -0.06920857940194666,
                0.49518700764172363
            ],
            "complex_adjust2": [
                -0.4831730415707495,
                0.1286227503176278
            ],
            "complex_adjust3": [
                0.12037614969054526,
                0.48529329542626015
            ]
        }
    },
    "sets": {
        "c8f02d0b-acf3-4dd9-bf7d-1242fd92d352": 26,
        "ed213b22-d41b-4e92-873a-c31daa4ba152": 26,
        "5d870628-9656-48cf-a5e7-021b0f4c4c3c": 25,
        "94780d75-0651-41a4-b8c4-fbe2995704a5": 23
    },
    "mean_distortion_by_round": {
        "1": {
            "0": 0.729161474569781,
            "1": 0.8060988374142468,
            "2": 0.8223169272095118,
            "3": 0.8342271288207279,
            "4": 0.841861933490209,
            "5": 0.8487307245657725,
            "6": 0.851928648973665,
            "7": 0.8513536158178863,
            "8": 0.8506102807435889,
            "9": 0.8506102807435889
        }
    }
}