{
    "instance_id": "21a76e4c-4508-43d0-ab2b-dbb336bc2222",
    "results_dir": "/home/snow/github/land/lloyd-gla/results",
    "num_of_elements": 4,
    "variance_of_samples": 1.0,
    "samples_random_seed": 8851.0,
    "trial_random_seed": 6187.0,
    "initial_alphabet_opt": "random",
    "distortion_measure_opt": "gain",
    "num_of_samples": 100,
    "max_num_of_interactions": 1000,
    "percentage_of_sub_samples": 1,
    "initial_codebook": {
        "ffb9355f-453d-404d-bca3-e4cf07520c66": {
            "complex_adjust0": [
                -0.35561767674719513,
                -0.051516778459688786
            ],
            "complex_adjust1": [
                0.367061288627713,
                0.7644555053961092
            ],
            "complex_adjust2": [
                -0.165641196158138,
                0.3233561464314569
            ],
            "complex_adjust3": [
                -0.14005822240758567,
                0.01197377212626221
            ]
        },
        "7933a5f5-856b-40b8-9d6b-ccaf11e0f2a2": {
            "complex_adjust0": [
                -0.32755458109024105,
                -0.16820114826184412
            ],
            "complex_adjust1": [
                -0.2223378620569311,
                0.022423130254076124
            ],
            "complex_adjust2": [
                -0.161418847931402,
                0.2243223378898582
            ],
            "complex_adjust3": [
                -0.6767122524365737,
                0.5293046571815726
            ]
        },
        "095ec1bc-8f92-4598-a758-e98c2609de00": {
            "complex_adjust0": [
                0.30462529096862956,
                0.07173515494863572
            ],
            "complex_adjust1": [
                0.3140426393710619,
                0.2521075403264011
            ],
            "complex_adjust2": [
                0.18573902880189794,
                -0.33870001836510677
            ],
            "complex_adjust3": [
                -0.4436801607967329,
                0.6275410218215154
            ]
        },
        "eb84062c-d0fe-4a50-bc13-7ddee71c06c3": {
            "complex_adjust0": [
                0.022056706368487562,
                -0.27792124437306454
            ],
            "complex_adjust1": [
                0.15622606850103538,
                0.42313713110038437
            ],
            "complex_adjust2": [
                -0.4065684036691816,
                0.5495745983436527
            ],
            "complex_adjust3": [
                -0.45202657438647875,
                -0.2171716774279709
            ]
        }
    },
    "lloydcodebook": {
        "617c0113-6009-4781-ad06-a0eb549c0723": {
            "complex_adjust0": [
                -0.4993985694029701,
                -0.024516706105568716
            ],
            "complex_adjust1": [
                0.2110788718278496,
                0.4532611938693652
            ],
            "complex_adjust2": [
                -0.49930789871708936,
                0.026298712491771133
            ],
            "complex_adjust3": [
                0.41760264091709287,
                -0.27496915154080387
            ]
        },
        "4d24e318-2b08-48c7-ba9d-b5b2ff47fb01": {
            "complex_adjust0": [
                -0.3011686405644579,
                -0.3991208462866308
            ],
            "complex_adjust1": [
                -0.4673927130846814,
                -0.17760645189671653
            ],
            "complex_adjust2": [
                0.20161120320440337,
                -0.45755100561846956
            ],
            "complex_adjust3": [
                -0.2652306033732708,
                0.42385460600806346
            ]
        },
        "98436162-17a9-4192-a9a9-d85adbedec72": {
            "complex_adjust0": [
                0.4563930237418233,
                0.20421901938799814
            ],
            "complex_adjust1": [
                0.4951941927268125,
                0.06915715067612668
            ],
            "complex_adjust2": [
                0.4729985077912998,
                0.16208766648700848
            ],
            "complex_adjust3": [
                0.4994465990886339,
                -0.023517964597246907
            ]
        },
        "eeaa35a9-314f-42f1-84e1-25e3fb91508b": {
            "complex_adjust0": [
                0.447338577213152,
                0.22335665948637587
            ],
            "complex_adjust1": [
                -0.4990220830678059,
                0.031256369121634486
            ],
            "complex_adjust2": [
                -0.4410563299489141,
                0.23551924297601382
            ],
            "complex_adjust3": [
                -0.47044988530986853,
                -0.16934256822173085
            ]
        }
    },
    "sets": {
        "6a469571-53fb-4267-b631-c8c5391adbe0": 25,
        "98dc4cc0-4734-4933-8182-caeca5630a03": 27,
        "9f63f5b8-c2b7-4c8e-8d8e-68a2c8cb31fa": 22,
        "8ea63021-75df-45fe-b067-d8b9b1bb44ef": 26
    },
    "mean_distortion_by_round": {
        "1": {
            "0": 0.5824275895712625,
            "1": 0.8707699147825335,
            "2": 0.8975275064705582,
            "3": 0.9009115449115828,
            "4": 0.9042365828673415,
            "5": 0.9047718343776503,
            "6": 0.9080482955941352,
            "7": 0.9150639111490743,
            "8": 0.9150639111490743
        }
    }
}