{
    "instance_id": "4c4ab3ae-f2f6-44aa-a586-549a5d928f29",
    "results_dir": "/home/snow/github/land/lloyd-gla/results",
    "num_of_elements": 4,
    "variance_of_samples": 1.0,
    "samples_random_seed": 4900.0,
    "trial_random_seed": 1570.0,
    "initial_alphabet_opt": "random",
    "distortion_measure_opt": "gain",
    "num_of_samples": 40,
    "max_num_of_interactions": 1000,
    "percentage_of_sub_samples": 1,
    "initial_codebook": {
        "5ce13122-39ba-4aad-9e88-09186084ac96": {
            "complex_adjust0": [
                0.4170278262977793,
                -0.6047611013929229
            ],
            "complex_adjust1": [
                -0.09653793515906328,
                -0.29460546914425406
            ],
            "complex_adjust2": [
                0.4915373147233357,
                -0.10604433257945095
            ],
            "complex_adjust3": [
                -0.1833016156521723,
                -0.2789014744000842
            ]
        },
        "0e5b5af6-5a99-43b2-a5d0-c280c73c61df": {
            "complex_adjust0": [
                -0.61866166266047,
                0.13373996053708484
            ],
            "complex_adjust1": [
                -0.08760713683645165,
                -0.26309516021363116
            ],
            "complex_adjust2": [
                -0.6069728877492175,
                0.004394518149738322
            ],
            "complex_adjust3": [
                -0.2072088127138881,
                -0.3333262756497203
            ]
        },
        "65b323ae-e09c-45a9-8eaf-f46df49c1fb2": {
            "complex_adjust0": [
                0.37064634997174906,
                -0.5625932935326685
            ],
            "complex_adjust1": [
                -0.4647104913128317,
                0.47068538826769807
            ],
            "complex_adjust2": [
                0.08995365966374623,
                -0.14875950283401773
            ],
            "complex_adjust3": [
                -0.270768166714294,
                0.07122529876113112
            ]
        },
        "f3ef489c-7b57-4aff-946a-a33a32ab4e7c": {
            "complex_adjust0": [
                0.10452085834901208,
                -0.10123729168857885
            ],
            "complex_adjust1": [
                -0.4195037158903484,
                -0.6550097064810924
            ],
            "complex_adjust2": [
                0.14308489370960795,
                0.1884567552633032
            ],
            "complex_adjust3": [
                0.4978702979593862,
                -0.2644640782958245
            ]
        }
    },
    "lloydcodebook": {
        "ded64343-f1b4-4cdf-97e0-13a140a29362": {
            "complex_adjust0": [
                0.0626342287542985,
                -0.4960614411424801
            ],
            "complex_adjust1": [
                0.019833569728897767,
                -0.49960647464960756
            ],
            "complex_adjust2": [
                0.4820481520534559,
                0.13277642524879282
            ],
            "complex_adjust3": [
                -0.07001809988339747,
                -0.495073192254154
            ]
        },
        "d20b4f01-84ca-4957-810b-374d5e892043": {
            "complex_adjust0": [
                -0.49715768498411955,
                0.05323754559735961
            ],
            "complex_adjust1": [
                0.1917204204509757,
                0.46178271988252345
            ],
            "complex_adjust2": [
                -0.4598617493210989,
                0.19628339591350766
            ],
            "complex_adjust3": [
                -0.47824695179367405,
                -0.14587615672226642
            ]
        },
        "edbc2a87-77c9-4f12-96be-84bab7367f27": {
            "complex_adjust0": [
                0.3944859153313936,
                -0.30721468487875475
            ],
            "complex_adjust1": [
                0.34645279911518667,
                0.3605141578152682
            ],
            "complex_adjust2": [
                -0.12290692106517144,
                -0.4846585279908729
            ],
            "complex_adjust3": [
                0.13694789819081424,
                -0.48087968680442134
            ]
        },
        "6f56338a-7348-4c3a-8e8e-93bc9943774d": {
            "complex_adjust0": [
                0.41935721158315564,
                0.27228574897192187
            ],
            "complex_adjust1": [
                -0.4957080961251983,
                -0.0653718856690795
            ],
            "complex_adjust2": [
                -0.39589532098415514,
                0.30539629143598446
            ],
            "complex_adjust3": [
                0.4280553583943718,
                0.2583962270426291
            ]
        }
    },
    "sets": {
        "798c8a70-f830-4b6e-9dce-5908c47f45a4": 10,
        "0f2c7e5f-c2c9-4b45-8a76-be584f0f47b0": 11,
        "0d81d404-85f6-4106-b2bc-14b77cb0b907": 9,
        "77dfc6bb-4865-457e-bfe2-50805174f633": 10
    },
    "mean_distortion_by_round": {
        "1": {
            "0": 0.7632913278311041,
            "1": 0.8665275985847112,
            "2": 0.8778125844607306,
            "3": 0.8683634969598689,
            "4": 0.8781814645465813,
            "5": 0.8779917226867788,
            "6": 0.8779917226867788
        }
    }
}