{
    "instance_id": "c6b15772-878c-4841-ba78-f536dbfb4339",
    "results_dir": "/home/snow/github/land/lloyd-gla/results",
    "num_of_elements": 4,
    "variance_of_samples": 1.0,
    "samples_random_seed": 6077.0,
    "trial_random_seed": 8962.0,
    "initial_alphabet_opt": "random",
    "distortion_measure_opt": "mse",
    "num_of_samples": 40,
    "max_num_of_interactions": 1000,
    "percentage_of_sub_samples": 1,
    "initial_codebook": {
        "ce3af7e7-33c9-4b4d-a4a0-cd5cad54377b": {
            "complex_adjust0": [
                0.5852906866881971,
                -0.2911717953484779
            ],
            "complex_adjust1": [
                -0.15641423120573383,
                -0.01808001140617757
            ],
            "complex_adjust2": [
                0.3806643866345902,
                -0.006086094698147696
            ],
            "complex_adjust3": [
                -0.5402987521309719,
                -0.3331611348561318
            ]
        },
        "b39b5009-c4bd-4d9a-9af6-7eb42d6a9460": {
            "complex_adjust0": [
                -0.0411589173047955,
                0.4398433050420147
            ],
            "complex_adjust1": [
                -0.17512474797644556,
                0.27965181804772515
            ],
            "complex_adjust2": [
                -0.13039831142233185,
                0.335199624585362
            ],
            "complex_adjust3": [
                -0.5290912506481688,
                0.5354156650569688
            ]
        },
        "ed2c1935-8852-4646-9961-78ccbbd1f0b7": {
            "complex_adjust0": [
                0.5718791968534263,
                0.22115059228328618
            ],
            "complex_adjust1": [
                0.3054410834318367,
                -0.1618343231533573
            ],
            "complex_adjust2": [
                -0.4390303864089965,
                0.29978574958119436
            ],
            "complex_adjust3": [
                -0.2247380985284683,
                0.4140478322222317
            ]
        },
        "97b7f411-6b34-4d46-b66b-40693793a2e3": {
            "complex_adjust0": [
                -0.2539228733726341,
                -0.4042605174841661
            ],
            "complex_adjust1": [
                -0.07878886468257228,
                -0.5411202397271236
            ],
            "complex_adjust2": [
                -0.04657461948000949,
                -0.37670029149779116
            ],
            "complex_adjust3": [
                -0.2074003653864614,
                0.5347808831518243
            ]
        }
    },
    "lloydcodebook": {
        "0ac23cdf-0dfe-4876-88f8-c58f10496115": {
            "complex_adjust0": [
                0.545934799334629,
                -0.04828267204622255
            ],
            "complex_adjust1": [
                -0.36225423529109246,
                -0.14332873802470114
            ],
            "complex_adjust2": [
                0.5321113168784748,
                0.25651123882202537
            ],
            "complex_adjust3": [
                -0.19270390870474088,
                -0.4022156818215919
            ]
        },
        "3aee6224-c1b0-4e38-b83e-164402c8f99d": {
            "complex_adjust0": [
                -0.35665510284894847,
                0.2904330619069598
            ],
            "complex_adjust1": [
                0.1356562508942215,
                0.845017919726022
            ],
            "complex_adjust2": [
                0.10033497538631901,
                0.21087729686155007
            ],
            "complex_adjust3": [
                0.022163965617170923,
                -0.030988515761451767
            ]
        },
        "833a0e72-8628-4d3d-afe0-4a26256f7e58": {
            "complex_adjust0": [
                0.5053226145528984,
                0.25459179098322965
            ],
            "complex_adjust1": [
                0.3797350707143517,
                -0.3655374978505298
            ],
            "complex_adjust2": [
                -0.2640176080557528,
                0.4402996067745499
            ],
            "complex_adjust3": [
                -0.15994337557424046,
                0.33595351529747086
            ]
        },
        "d4fbc9ea-3bc2-4018-8bd3-67166a1b53dd": {
            "complex_adjust0": [
                -0.1388267188145899,
                -0.20152216560887232
            ],
            "complex_adjust1": [
                -0.09669839977655759,
                -0.33479163732521344
            ],
            "complex_adjust2": [
                -0.28817829824540664,
                -0.7789598014484784
            ],
            "complex_adjust3": [
                -0.12181229373197988,
                0.33766344074051496
            ]
        }
    },
    "sets": {
        "25e8053b-5d3a-40ab-ba93-d3687f840481": 7,
        "f7535fe9-ca8c-49ab-873f-fa689d8714b8": 10,
        "780b77ed-a41f-4c4b-a901-4a14be153c5b": 10,
        "1d23ca19-6353-4596-b388-7735c4ef145d": 13
    },
    "mean_distortion_by_round": {
        "1": {
            "0": 0.28136676905264224,
            "1": 0.22693215531519206,
            "2": 0.22017657205603253,
            "3": 0.21663415928585172,
            "4": 0.21508338029220472,
            "5": 0.21508338029220472
        }
    }
}