{
    "instance_id": "fae25f76-ef3a-4ac9-a6b1-e582168739d5",
    "results_dir": "/home/snow/github/land/lloyd-gla/results",
    "num_of_elements": 4,
    "variance_of_samples": 1.0,
    "samples_random_seed": 6752.0,
    "trial_random_seed": 417.0,
    "initial_alphabet_opt": "random",
    "distortion_measure_opt": "gain",
    "num_of_samples": 40,
    "max_num_of_interactions": 1000,
    "percentage_of_sub_samples": 1,
    "initial_codebook": {
        "063f3b68-d219-4333-bbd6-c42bd50dd1b3": {
            "complex_adjust0": [
                0.135439201336864,
                0.586483666469167
            ],
            "complex_adjust1": [
                -0.022663043474725662,
                -0.5152784168750787
            ],
            "complex_adjust2": [
                0.12958201697282773,
                0.4231894605440111
            ],
            "complex_adjust3": [
                -0.25308200068686604,
                -0.33426988132248214
            ]
        },
        "fe50d7b4-a087-4a53-9252-c9e23f022c74": {
            "complex_adjust0": [
                0.6081030655554021,
                -0.13180945002878336
            ],
            "complex_adjust1": [
                -0.11094859353417214,
                0.44517562792949633
            ],
            "complex_adjust2": [
                0.2839775276911558,
                0.21650833836068392
            ],
            "complex_adjust3": [
                -0.43616453175736286,
                0.29083913914601406
            ]
        },
        "bbd867af-34a4-4979-8d0a-d4e7c26d284c": {
            "complex_adjust0": [
                -0.49474461337933806,
                -0.306874104858941
            ],
            "complex_adjust1": [
                -0.5719156513589081,
                -0.2242051807644873
            ],
            "complex_adjust2": [
                -0.4420014658126217,
                0.023903532008429738
            ],
            "complex_adjust3": [
                -0.25758910687698094,
                0.14632755497023675
            ]
        },
        "659be9b9-c7af-460e-848b-367eb26777b8": {
            "complex_adjust0": [
                0.21326509342492853,
                0.7308731839173419
            ],
            "complex_adjust1": [
                0.11887394450357924,
                0.13061327247115231
            ],
            "complex_adjust2": [
                0.016611021973178684,
                -0.3069278539961373
            ],
            "complex_adjust3": [
                0.41150407178807274,
                -0.3540272766633795
            ]
        }
    },
    "lloydcodebook": {
        "b5e9b62a-e637-4430-aca3-7b85c29124e4": {
            "complex_adjust0": [
                0.49100696412907613,
                -0.09440424342553747
            ],
            "complex_adjust1": [
                0.4928775930326858,
                -0.08409327134977064
            ],
            "complex_adjust2": [
                0.407776513143502,
                -0.28934117461662334
            ],
            "complex_adjust3": [
                -0.38214383519259476,
                -0.32243772921960445
            ]
        },
        "9382358b-4cd4-4c2a-8fcc-193d5e3c2750": {
            "complex_adjust0": [
                0.23896965797447722,
                -0.43919642822723565
            ],
            "complex_adjust1": [
                0.16497032356023514,
                0.47200083934716824
            ],
            "complex_adjust2": [
                0.24224177049435391,
                0.43740018818898646
            ],
            "complex_adjust3": [
                0.03301795227247788,
                0.49890862372555994
            ]
        },
        "3f73706a-89da-46b1-a92b-cdd42a0273f0": {
            "complex_adjust0": [
                -0.31001551970585944,
                0.39228864059708113
            ],
            "complex_adjust1": [
                -0.3750261964498758,
                0.3306892075292739
            ],
            "complex_adjust2": [
                -0.4938302266839821,
                0.0783052183015085
            ],
            "complex_adjust3": [
                -0.49979597270656234,
                -0.014282355068446176
            ]
        },
        "9fd44857-6afd-41a1-9550-1fc7d73398c2": {
            "complex_adjust0": [
                -0.4991985211831971,
                0.028299053844768735
            ],
            "complex_adjust1": [
                -0.016315306175690113,
                -0.4997337398899473
            ],
            "complex_adjust2": [
                -0.47889327453331076,
                -0.1437401530775693
            ],
            "complex_adjust3": [
                0.31281745168928227,
                -0.3900579981472288
            ]
        }
    },
    "sets": {
        "1bf6e494-5535-47ec-af41-4c498589e67d": 11,
        "7f504f0f-0838-459e-8d53-47a508442c63": 14,
        "c222c3f7-7813-4073-b6ee-fc1b3094b19b": 7,
        "fe258a62-faf9-41e5-98d3-7db5881ac317": 8
    },
    "mean_distortion_by_round": {
        "1": {
            "0": 0.7150530662357997,
            "1": 0.850527525069109,
            "2": 0.9002562590032918,
            "3": 0.8930259882207571,
            "4": 0.9049084707512037,
            "5": 0.9156379317540584,
            "6": 0.9113619994636523,
            "7": 0.9113619994636523
        }
    }
}