{
    "instance_id": "97c7cbd8-86b1-47fd-b563-ffc24bdfd11b",
    "results_dir": "/home/snow/github/land/lloyd-gla/results",
    "num_of_elements": 4,
    "variance_of_samples": 1.0,
    "samples_random_seed": 2026.0,
    "trial_random_seed": 84.0,
    "initial_alphabet_opt": "random",
    "distortion_measure_opt": "gain",
    "num_of_samples": 100,
    "max_num_of_interactions": 1000,
    "percentage_of_sub_samples": 1,
    "initial_codebook": {
        "5bfa77ad-332f-417b-b43c-1f75aef832ff": {
            "complex_adjust0": [
                0.2586417537094208,
                -0.25905057599070896
            ],
            "complex_adjust1": [
                -0.767802125662667,
                -0.011614383508933854
            ],
            "complex_adjust2": [
                -0.449123376037834,
                -0.11107632378683693
            ],
            "complex_adjust3": [
                -0.012910754467309554,
                -0.2492504765292532
            ]
        },
        "ac668d29-1ac6-4bb0-a4a4-c583fda3346f": {
            "complex_adjust0": [
                0.28591771467481836,
                0.6237494705632082
            ],
            "complex_adjust1": [
                0.18978740832960514,
                0.09325568978300963
            ],
            "complex_adjust2": [
                -0.3438136695190643,
                0.0068081743123562894
            ],
            "complex_adjust3": [
                -0.3777107049025053,
                0.4728130784848219
            ]
        },
        "c563aff8-b147-4b07-9059-3a011d7ee5be": {
            "complex_adjust0": [
                0.2980347881356314,
                0.5711733598997689
            ],
            "complex_adjust1": [
                0.3114853533762672,
                -0.4676447568861192
            ],
            "complex_adjust2": [
                -0.28614376191213664,
                0.09855557988421149
            ],
            "complex_adjust3": [
                -0.3894294390217476,
                0.16116690481115148
            ]
        },
        "3a73ed6d-9ce2-41da-a619-171077623e35": {
            "complex_adjust0": [
                0.251274463548379,
                0.8191817035256572
            ],
            "complex_adjust1": [
                -0.13009313547399926,
                -0.37203070067967847
            ],
            "complex_adjust2": [
                -0.030310276563373033,
                -0.19783672250784534
            ],
            "complex_adjust3": [
                -0.24930547830036878,
                -0.09088515435998101
            ]
        }
    },
    "lloydcodebook": {
        "bd879614-9388-404d-b74d-4c124bbe40fb": {
            "complex_adjust0": [
                0.1059650514152243,
                -0.4886424130983401
            ],
            "complex_adjust1": [
                -0.4897102288927918,
                -0.10091526999304629
            ],
            "complex_adjust2": [
                0.1721643971423776,
                -0.46942456300943786
            ],
            "complex_adjust3": [
                -0.17592947812167134,
                -0.46802651498375214
            ]
        },
        "9065bf59-6e2b-4305-ac6b-84d265180bff": {
            "complex_adjust0": [
                -0.19911332405329957,
                0.45864352626462057
            ],
            "complex_adjust1": [
                -0.29387153905443714,
                0.4045238170167196
            ],
            "complex_adjust2": [
                -0.47749804644215116,
                0.14830918934418483
            ],
            "complex_adjust3": [
                -0.26276988550069696,
                0.42538451696547513
            ]
        },
        "740d9b0f-3d7f-4ea4-b9ed-096aa1a75e27": {
            "complex_adjust0": [
                0.37160429593700206,
                0.3345298899069633
            ],
            "complex_adjust1": [
                0.4076569816262704,
                0.28950955999993966
            ],
            "complex_adjust2": [
                -0.45949206886354027,
                0.19714725118931684
            ],
            "complex_adjust3": [
                0.393764623753563,
                0.3081386393820401
            ]
        },
        "f33d98a1-e2bc-4b71-857e-e1f82b17fd72": {
            "complex_adjust0": [
                -0.30729926797823487,
                0.3944200297906294
            ],
            "complex_adjust1": [
                -0.05284860780054095,
                -0.4971991800612151
            ],
            "complex_adjust2": [
                0.45735850507715337,
                0.20204751380205474
            ],
            "complex_adjust3": [
                0.45384140855228106,
                -0.2098284439328508
            ]
        }
    },
    "sets": {
        "c05830a8-9f92-429a-bd4f-ca5d2acefa1a": 25,
        "6c3200ea-78dc-4b0c-859f-80d5f77a9c9e": 19,
        "4174ccc0-3730-4220-bd5e-8b84539b381e": 29,
        "1f758557-0004-43f7-a467-f99d327da3b3": 27
    },
    "mean_distortion_by_round": {
        "1": {
            "0": 0.6125709312598709,
            "1": 0.8254735449767696,
            "2": 0.8546488117364137,
            "3": 0.8659113367089134,
            "4": 0.8769653174798338,
            "5": 0.8763009338459355,
            "6": 0.8746843781699115,
            "7": 0.8763542653288762,
            "8": 0.8759826650322906,
            "9": 0.8816870893003592,
            "10": 0.8836822720908042,
            "11": 0.8872731233400463,
            "12": 0.8864821402859668,
            "13": 0.8809884852073409,
            "14": 0.8808418492233501,
            "15": 0.8890584535588905,
            "16": 0.8874745890271539,
            "17": 0.887728873171309,
            "18": 0.887728873171309
        }
    }
}