{
    "instance_id": "700ccbb6-7a65-4826-b776-2bb1e4632bec",
    "results_dir": "/home/snow/github/land/lloyd-gla/results",
    "num_of_elements": 4,
    "variance_of_samples": 1.0,
    "samples_random_seed": 5754.0,
    "trial_random_seed": 3345.0,
    "initial_alphabet_opt": "random",
    "distortion_measure_opt": "gain",
    "num_of_samples": 40,
    "max_num_of_interactions": 1000,
    "percentage_of_sub_samples": 1,
    "initial_codebook": {
        "a2caefbc-fe8f-427b-bdb2-18f84fac0086": {
            "complex_adjust0": [
                -0.2680864803937593,
                0.4178487004522852
            ],
            "complex_adjust1": [
                -0.32259876529617726,
                0.7557219007199821
            ],
            "complex_adjust2": [
                -0.13624934989300186,
                -0.189656563073644
            ],
            "complex_adjust3": [
                0.05191583652386419,
                0.14531963603325163
            ]
        },
        "b97a15f7-96fa-474b-8621-db214dd6695d": {
            "complex_adjust0": [
                0.5500944119752923,
                0.10958942195300174
            ],
            "complex_adjust1": [
                0.19632772974605409,
                0.46295066111988137
            ],
            "complex_adjust2": [
                0.37916921370388706,
                0.07480618592455295
            ],
            "complex_adjust3": [
                -0.531800702559524,
                0.01847049254306467
            ]
        },
        "dbcbdeb9-03f4-4934-8e2a-fc60fd187be7": {
            "complex_adjust0": [
                -0.0860852030604536,
                0.024289638015082958
            ],
            "complex_adjust1": [
                0.7507198284024056,
                -0.367267645006712
            ],
            "complex_adjust2": [
                0.48525481453756475,
                0.16543660964201382
            ],
            "complex_adjust3": [
                0.16402760849373801,
                0.061538640575803036
            ]
        },
        "aee8204a-69e5-42a2-b033-743417803785": {
            "complex_adjust0": [
                -0.2031460789208268,
                -0.03176837770131348
            ],
            "complex_adjust1": [
                -0.2331887972584236,
                0.6069778233066371
            ],
            "complex_adjust2": [
                0.6948438137421775,
                0.21633837440222187
            ],
            "complex_adjust3": [
                0.03648228157790932,
                -0.06310446133616028
            ]
        }
    },
    "lloydcodebook": {
        "a09c83b3-9689-4163-a3e2-108ef737e22c": {
            "complex_adjust0": [
                -0.3526695333206297,
                0.3544350437913966
            ],
            "complex_adjust1": [
                -0.48108467998970417,
                -0.13622602790657862
            ],
            "complex_adjust2": [
                -0.4123490253642629,
                0.2827866356126868
            ],
            "complex_adjust3": [
                -0.19027955913680736,
                0.46237829682490744
            ]
        },
        "caae6bfd-2c5c-4f31-b9cb-5308e1138228": {
            "complex_adjust0": [
                0.2100832244159416,
                -0.45372352685198186
            ],
            "complex_adjust1": [
                -0.3448902729977168,
                -0.3620092534612346
            ],
            "complex_adjust2": [
                -0.018574260081215613,
                0.49965487775307005
            ],
            "complex_adjust3": [
                -0.40003857469041926,
                -0.2999485601893395
            ]
        },
        "3f81abf9-7ba0-4ef5-a9c1-0c77ec4a2209": {
            "complex_adjust0": [
                -0.458380693699856,
                0.19971764980401396
            ],
            "complex_adjust1": [
                0.31792001384126806,
                -0.3859104362402861
            ],
            "complex_adjust2": [
                0.49259546424467004,
                -0.08573044153378657
            ],
            "complex_adjust3": [
                0.4039433010022268,
                0.2946689830562837
            ]
        },
        "bb2f7464-5a3c-4574-bae8-aa71b52a5cc2": {
            "complex_adjust0": [
                0.13638496940490547,
                0.48103964506101055
            ],
            "complex_adjust1": [
                -0.2407405775179315,
                0.4382282217479071
            ],
            "complex_adjust2": [
                -0.050260609799262376,
                0.4974674573302321
            ],
            "complex_adjust3": [
                0.4395388130216226,
                -0.23833932081707182
            ]
        }
    },
    "sets": {
        "3e4fdf36-93d3-48e5-968d-b07fd89af7fc": 7,
        "484715c1-889f-4693-a974-2f593fc3c394": 10,
        "a2bf537e-c310-4602-9582-9bf8a8978599": 10,
        "41813448-e937-4c01-9584-38becb8f3fee": 13
    },
    "mean_distortion_by_round": {
        "1": {
            "0": 0.696867543905821,
            "1": 0.8623184665694573,
            "2": 0.8649943226433308,
            "3": 0.8698748602423911,
            "4": 0.8748513096470631,
            "5": 0.8682996464506918,
            "6": 0.8719938041608234,
            "7": 0.8874025205357562,
            "8": 0.8961958227595792,
            "9": 0.8961958227595792
        }
    }
}