{
    "instance_id": "21ccde05-8c06-449f-82ac-8c7b4264e834",
    "results_dir": "/home/snow/github/land/lloyd-gla/results",
    "num_of_elements": 4,
    "variance_of_samples": 1.0,
    "samples_random_seed": 4540.0,
    "trial_random_seed": 9479.0,
    "initial_alphabet_opt": "random",
    "distortion_measure_opt": "gain",
    "num_of_samples": 100,
    "max_num_of_interactions": 1000,
    "percentage_of_sub_samples": 1,
    "initial_codebook": {
        "7a70e71c-1327-44e3-84dc-542500d3cdb1": {
            "complex_adjust0": [
                -0.3676327088731904,
                0.14684354095721588
            ],
            "complex_adjust1": [
                0.32568947176338103,
                0.022572204992780526
            ],
            "complex_adjust2": [
                0.5126409377455502,
                0.1016319917361215
            ],
            "complex_adjust3": [
                -0.6656096825654331,
                0.14329684947065402
            ]
        },
        "70e14211-9226-4780-b136-380a88e89170": {
            "complex_adjust0": [
                -0.6963839231415544,
                -0.2716471978183162
            ],
            "complex_adjust1": [
                0.17492684078703255,
                0.49295708673491917
            ],
            "complex_adjust2": [
                -0.19822226426659897,
                0.13207180710790684
            ],
            "complex_adjust3": [
                0.22008804193424725,
                0.2499547319643041
            ]
        },
        "28813559-ca3a-4b51-b375-58add0e80443": {
            "complex_adjust0": [
                0.4724690746881033,
                -0.3047188555904508
            ],
            "complex_adjust1": [
                -0.08570884581461832,
                0.11419903508313266
            ],
            "complex_adjust2": [
                -0.17896999818940826,
                0.6695938307205849
            ],
            "complex_adjust3": [
                0.4221699157526518,
                -0.07013109501951036
            ]
        },
        "884d1351-1272-4ef9-8aed-b280cb3945e4": {
            "complex_adjust0": [
                0.059158199437421004,
                0.25809920181786683
            ],
            "complex_adjust1": [
                -0.668502852069849,
                0.5957233202637459
            ],
            "complex_adjust2": [
                -0.2577533854457526,
                0.0007474099308354608
            ],
            "complex_adjust3": [
                -0.1966279914468825,
                -0.15166686710660174
            ]
        }
    },
    "lloydcodebook": {
        "8c6f06d3-54a9-4258-b059-3f16a3e6b80b": {
            "complex_adjust0": [
                -0.5233582650532077,
                0.09458286953663002
            ],
            "complex_adjust1": [
                0.7396930990951237,
                -0.2981729761910423
            ],
            "complex_adjust2": [
                0.1418695840707877,
                -0.10631692177776292
            ],
            "complex_adjust3": [
                -0.0626679999131806,
                0.2138683184983353
            ]
        },
        "b25a6831-cddf-4626-aa14-9a4a8ef920ba": {
            "complex_adjust0": [
                0.25010803227588224,
                -0.08473717773413372
            ],
            "complex_adjust1": [
                -0.14093042692708022,
                0.279709470434132
            ],
            "complex_adjust2": [
                -0.3770598729112226,
                -0.32350921356790335
            ],
            "complex_adjust3": [
                0.717675330282162,
                -0.26509728610000394
            ]
        },
        "a5d1af5b-ea01-4ae1-8e49-66149f56acb1": {
            "complex_adjust0": [
                0.3927774104136134,
                -0.02086667863236232
            ],
            "complex_adjust1": [
                -0.09068908053425208,
                0.310085092399972
            ],
            "complex_adjust2": [
                -0.05926678046275549,
                0.846885803972732
            ],
            "complex_adjust3": [
                0.013538618158478925,
                0.14142773177909554
            ]
        },
        "1d1f8daf-5e5b-4295-bc3f-85853cfe6451": {
            "complex_adjust0": [
                0.060860320054748694,
                0.08764497493610711
            ],
            "complex_adjust1": [
                -0.8010121797263934,
                -0.4850072183466112
            ],
            "complex_adjust2": [
                0.1534889002985863,
                -0.2875883537746729
            ],
            "complex_adjust3": [
                -0.03134233112071513,
                0.06718348332113622
            ]
        }
    },
    "sets": {
        "15b2a02a-1a20-4bd5-af1b-5d4d28cec4ab": 29,
        "40c079b7-9e64-4838-8f8b-e8b749447843": 19,
        "04bcd85a-bd0b-4e86-bf82-efca2db7d746": 23,
        "5b121371-96a7-4887-8f96-88fdaba99637": 29
    },
    "mean_distortion_by_round": {
        "1": {
            "0": 0.7152633032102513,
            "1": 0.8329220177248823,
            "2": 0.8475521438506118,
            "3": 0.8490141876656077,
            "4": 0.8571547940557531,
            "5": 0.8609114096154588,
            "6": 0.8596497963147297,
            "7": 0.8607738557485801,
            "8": 0.8573808170805655,
            "9": 0.8577073781427079,
            "10": 0.8666367959383308,
            "11": 0.8794940138915136,
            "12": 0.8760315644908142,
            "13": 0.8790315985628309,
            "14": 0.883672978653018,
            "15": 0.8849629695318163,
            "16": 0.890468766782507,
            "17": 0.8867973491534455,
            "18": 0.8863157229591778,
            "19": 0.8863157229591778
        }
    }
}