{
    "instance_id": "dfd8aef5-fed1-48ee-b196-419c6b9bb38b",
    "results_dir": "/home/snow/github/land/lloyd-gla/results",
    "num_of_elements": 4,
    "variance_of_samples": 1.0,
    "samples_random_seed": 5989.0,
    "trial_random_seed": 9111.0,
    "initial_alphabet_opt": "xiaoxiao",
    "distortion_measure_opt": "gain",
    "num_of_samples": 40,
    "max_num_of_interactions": 1000,
    "percentage_of_sub_samples": 1,
    "initial_codebook": {
        "b9064ae8-2455-4fc4-a651-6ce4d0429518": {
            "complex_adjust0": [
                0.1291602082953067,
                0.6281552411386755
            ],
            "complex_adjust1": [
                0.17805018141872056,
                -0.12354337058640685
            ],
            "complex_adjust2": [
                -0.44042156667116106,
                0.5645014401579037
            ],
            "complex_adjust3": [
                0.1503091041485268,
                0.08091936100016867
            ]
        },
        "9413618d-6f05-42fc-a7cb-2d9c609307c2": {
            "complex_adjust0": [
                0.15854200203015376,
                0.3847553427876206
            ],
            "complex_adjust1": [
                0.526177877340353,
                -0.06525392220144259
            ],
            "complex_adjust2": [
                0.3756359350758322,
                -0.04647659748576602
            ],
            "complex_adjust3": [
                0.18605082673020773,
                0.6064892306236256
            ]
        },
        "35f53956-26ad-4152-8c69-47b946f64a4c": {
            "complex_adjust0": [
                0.34493510625535684,
                -0.16887378123980765
            ],
            "complex_adjust1": [
                -0.21227778402102548,
                -0.6076912851292853
            ],
            "complex_adjust2": [
                -0.5435889693124991,
                -0.1704483689903855
            ],
            "complex_adjust3": [
                -0.0018128314039435596,
                0.33705483598964886
            ]
        },
        "52248bf4-adb6-4d6d-87ec-2e3295efdfb1": {
            "complex_adjust0": [
                0.17272963159366045,
                0.06858164103966129
            ],
            "complex_adjust1": [
                0.24520954534171727,
                0.10915823611921546
            ],
            "complex_adjust2": [
                -0.6903859885834569,
                -0.24294980313544434
            ],
            "complex_adjust3": [
                0.1288379620107034,
                -0.5840900193561739
            ]
        }
    },
    "lloydcodebook": {
        "d3161e97-4ec0-454c-8ca8-4a8320bda203": {
            "complex_adjust0": [
                0.3238707944477749,
                0.38093005723330253
            ],
            "complex_adjust1": [
                -0.20432484419942817,
                0.45634565632081936
            ],
            "complex_adjust2": [
                0.05176268308574402,
                0.49731340685704906
            ],
            "complex_adjust3": [
                0.41139247629076364,
                -0.28417640727434335
            ]
        },
        "82111b46-33fb-4e1f-9b00-f307c270911d": {
            "complex_adjust0": [
                0.20995017036370198,
                0.4537851098970222
            ],
            "complex_adjust1": [
                0.23729419462501514,
                0.44010392545087057
            ],
            "complex_adjust2": [
                0.20918880659038216,
                -0.4541365909033225
            ],
            "complex_adjust3": [
                0.4104718599272177,
                0.2855045572453977
            ]
        },
        "f831f0a9-3e0f-47d3-9062-d9015170ad91": {
            "complex_adjust0": [
                -0.4172474667879964,
                -0.2755078065300507
            ],
            "complex_adjust1": [
                0.18163139370718429,
                -0.46584336081990674
            ],
            "complex_adjust2": [
                -0.4768096467944562,
                0.15050767662729342
            ],
            "complex_adjust3": [
                -0.2951121450777285,
                0.40361964995230565
            ]
        },
        "ffc23895-cdb0-451b-985e-a8b7629a6a95": {
            "complex_adjust0": [
                -0.4998438968594258,
                -0.012493149017909613
            ],
            "complex_adjust1": [
                0.4734616828845739,
                0.16072969495431502
            ],
            "complex_adjust2": [
                -0.4000417921499674,
                0.29994426904583843
            ],
            "complex_adjust3": [
                -0.30516887947256455,
                -0.3960706439531455
            ]
        }
    },
    "sets": {
        "ab9023d9-1cdf-45aa-a948-ac0baf9dc7a3": 9,
        "9b63f61c-7440-48b9-8860-577411f9d896": 6,
        "0cae9871-24c1-4279-9498-ef49187ddee2": 11,
        "265c198d-6bcc-4c52-bf3f-1eb66093eb05": 14
    },
    "mean_distortion_by_round": {
        "1": {
            "0": 0.7768111752351377,
            "1": 0.8842229852962605,
            "2": 0.918280538507716,
            "3": 0.9149290508699179,
            "4": 0.9147087132165183,
            "5": 0.9287191325017089,
            "6": 0.9233721387935008,
            "7": 0.9252724365977487,
            "8": 0.9249753018473162,
            "9": 0.9251244651711342,
            "10": 0.9267372349955514,
            "11": 0.9267372349955514
        }
    }
}