{
    "instance_id": "8bf9bac3-13f5-4266-8206-b2f317ccda93",
    "results_dir": "/home/snow/github/land/lloyd-gla/results",
    "num_of_elements": 4,
    "variance_of_samples": 1.0,
    "samples_random_seed": 3106.0,
    "trial_random_seed": 1901.0,
    "initial_alphabet_opt": "random",
    "distortion_measure_opt": "gain",
    "num_of_samples": 100,
    "max_num_of_interactions": 1000,
    "percentage_of_sub_samples": 1,
    "initial_codebook": {
        "bc70ad20-e948-4008-b4b2-24443cbde2f3": {
            "complex_adjust0": [
                -0.021049224519060383,
                -0.521340301671977
            ],
            "complex_adjust1": [
                0.281809382554896,
                0.2946288407442793
            ],
            "complex_adjust2": [
                0.5529369739584148,
                -0.3212914411222497
            ],
            "complex_adjust3": [
                0.3527012586327556,
                -0.16784776720468397
            ]
        },
        "536ec952-1789-4a0d-af72-7302591957e9": {
            "complex_adjust0": [
                -0.29114458340140525,
                0.7247879542345319
            ],
            "complex_adjust1": [
                0.4226910973161346,
                0.03799824623417141
            ],
            "complex_adjust2": [
                0.07394463836825209,
                0.18355956585671696
            ],
            "complex_adjust3": [
                0.39736974972432193,
                -0.11287595283524904
            ]
        },
        "b5d931e3-0602-4bdb-a12f-4eda4136bf6c": {
            "complex_adjust0": [
                0.3577213120166456,
                0.25753675992294917
            ],
            "complex_adjust1": [
                -0.8252845414883718,
                -0.11257771224988027
            ],
            "complex_adjust2": [
                -0.10928087597761003,
                0.20176915970723833
            ],
            "complex_adjust3": [
                -0.06856356001811405,
                -0.23364053389049125
            ]
        },
        "7abdc5d3-f2a1-4b39-9c07-3a943a647be8": {
            "complex_adjust0": [
                -0.6483287745740147,
                0.26056818925746067
            ],
            "complex_adjust1": [
                -0.1117318539850716,
                -0.46834477877122405
            ],
            "complex_adjust2": [
                0.08713890238522938,
                0.07295869515849449
            ],
            "complex_adjust3": [
                -0.4601515973754514,
                -0.2351330000955299
            ]
        }
    },
    "lloydcodebook": {
        "798ee2ce-fa64-45d1-9562-7aa44e8436eb": {
            "complex_adjust0": [
                0.06942997948981086,
                -0.49515601374520785
            ],
            "complex_adjust1": [
                0.4114621813798801,
                -0.284075471123627
            ],
            "complex_adjust2": [
                0.4993548870965506,
                0.025390878929079097
            ],
            "complex_adjust3": [
                0.4478002552046004,
                -0.22242961007629977
            ]
        },
        "9a632bf4-380f-4e85-9bd8-fec1bca4112c": {
            "complex_adjust0": [
                0.06624931141044256,
                0.4955915947003563
            ],
            "complex_adjust1": [
                0.36761615225828004,
                0.33890760481112997
            ],
            "complex_adjust2": [
                -0.011324294277508187,
                -0.49987174390949163
            ],
            "complex_adjust3": [
                0.11642900656244513,
                -0.4862553716216224
            ]
        },
        "18030257-cc94-4e67-8ab5-4fad04b05b70": {
            "complex_adjust0": [
                0.46487642044962885,
                0.18409213375356345
            ],
            "complex_adjust1": [
                -0.49270829966007285,
                0.08507955950802665
            ],
            "complex_adjust2": [
                -0.4898632606582993,
                0.1001697851511077
            ],
            "complex_adjust3": [
                0.12815818085386363,
                0.483296472861357
            ]
        },
        "d59ff250-a5f9-4005-a4f2-93256a1d4797": {
            "complex_adjust0": [
                -0.42363015929596104,
                -0.26558894580700965
            ],
            "complex_adjust1": [
                -0.407645530456015,
                -0.28952568366076636
            ],
            "complex_adjust2": [
                0.12624932650683787,
                -0.4837986229378602
            ],
            "complex_adjust3": [
                -0.26468552817573604,
                0.4241952040916206
            ]
        }
    },
    "sets": {
        "afb69842-f6c4-4afb-81c1-93cdfa638cf9": 22,
        "24dd5526-d8a0-4ea9-be33-f751fefbd720": 28,
        "efb82d9b-5f5e-47e8-a322-eda119bf4ae9": 25,
        "9c73fc6d-7747-4e8e-b386-80438c9faffd": 25
    },
    "mean_distortion_by_round": {
        "1": {
            "0": 0.7879029024325591,
            "1": 0.8621494520621608,
            "2": 0.9042745329623108,
            "3": 0.9008092153328703,
            "4": 0.9011075404745611,
            "5": 0.9016056447529904,
            "6": 0.9051929588722891,
            "7": 0.9027138731199785,
            "8": 0.903034012608894,
            "9": 0.9017884902804029,
            "10": 0.8994488085746668,
            "11": 0.9017647274050943,
            "12": 0.901280293429104,
            "13": 0.901280293429104
        }
    }
}