{
    "instance_id": "92763a43-9a4f-400a-858f-f2f9cb018d23",
    "results_dir": "/home/snow/github/land/lloyd-gla/results",
    "num_of_elements": 4,
    "variance_of_samples": 1.0,
    "samples_random_seed": 5907.0,
    "trial_random_seed": 725.0,
    "initial_alphabet_opt": "random",
    "distortion_measure_opt": "gain",
    "num_of_samples": 40,
    "max_num_of_interactions": 1000,
    "percentage_of_sub_samples": 1,
    "initial_codebook": {
        "cad72f8e-61fb-4dfa-bf42-5af3806d325b": {
            "complex_adjust0": [
                0.21687356075984873,
                -0.6281030426371763
            ],
            "complex_adjust1": [
                -0.08073101780724738,
                0.039157161547301984
            ],
            "complex_adjust2": [
                0.3940926564927338,
                -0.527612254574455
            ],
            "complex_adjust3": [
                0.33057393488980863,
                -0.08624851552032331
            ]
        },
        "13afff8a-36a6-4f1a-86c6-65c1c741f280": {
            "complex_adjust0": [
                -0.16405253156735275,
                -0.1521582745218511
            ],
            "complex_adjust1": [
                0.46030510229132576,
                -0.18173969472382434
            ],
            "complex_adjust2": [
                -0.07257401665812306,
                0.6553325884842923
            ],
            "complex_adjust3": [
                -0.28106481173112424,
                0.4373777597572493
            ]
        },
        "d26084f4-5bc1-4aa6-baa2-989e51726b51": {
            "complex_adjust0": [
                -0.5798132134699204,
                0.20469264529994696
            ],
            "complex_adjust1": [
                0.04095255404466598,
                -0.0900113588804717
            ],
            "complex_adjust2": [
                0.0015467065777872051,
                -0.6275590439863435
            ],
            "complex_adjust3": [
                -0.24417903464840793,
                0.39834941330869883
            ]
        },
        "28ada260-cd41-485a-b143-bc574a6f6ca8": {
            "complex_adjust0": [
                -0.1667177935835796,
                0.3376326800086117
            ],
            "complex_adjust1": [
                0.3826629558389292,
                -0.5477995207634897
            ],
            "complex_adjust2": [
                -0.35750010123133336,
                -0.4978259218236008
            ],
            "complex_adjust3": [
                -0.1879397258950187,
                0.027125386325430222
            ]
        }
    },
    "lloydcodebook": {
        "175184d2-2d37-4fb5-83f3-2ace67a57c65": {
            "complex_adjust0": [
                0.44284943630807816,
                -0.23213008586053088
            ],
            "complex_adjust1": [
                0.11036835275976499,
                0.48766671683547985
            ],
            "complex_adjust2": [
                0.07109320970616287,
                0.4949199486115664
            ],
            "complex_adjust3": [
                -0.10102732324822353,
                0.4896871245574045
            ]
        },
        "ddbe013b-0e03-4d7c-baf4-a4d8b7f1c9b6": {
            "complex_adjust0": [
                0.33296111598972516,
                -0.3730105832799879
            ],
            "complex_adjust1": [
                0.4965821104338934,
                0.05836272437969731
            ],
            "complex_adjust2": [
                -0.25869741453625317,
                0.42787340150125946
            ],
            "complex_adjust3": [
                -0.17332709575107844,
                -0.46899650092351064
            ]
        },
        "7a2c6771-9620-44a2-8746-753d9875ae94": {
            "complex_adjust0": [
                -0.2422751351947911,
                0.4373817084267993
            ],
            "complex_adjust1": [
                -0.33051824861178986,
                0.37517687473323175
            ],
            "complex_adjust2": [
                -0.4981466011955726,
                -0.04301120455531537
            ],
            "complex_adjust3": [
                -0.43968205960534784,
                0.2380749597525942
            ]
        },
        "d9098008-4b5f-4acf-b601-51d8901a0e0e": {
            "complex_adjust0": [
                -0.41252524104231586,
                -0.28252951262298104
            ],
            "complex_adjust1": [
                0.466334664997749,
                0.18036623913980465
            ],
            "complex_adjust2": [
                -0.14238085928299718,
                -0.47929916639801845
            ],
            "complex_adjust3": [
                -0.4923557700243493,
                -0.08709647365840972
            ]
        }
    },
    "sets": {
        "0253b977-ae4f-40a9-81bf-d046c1f7848f": 7,
        "b001b92e-8f51-46f2-a427-a7766fe0e5d3": 11,
        "47a98bb3-0e9f-470d-9bc8-d4ff65c8a8ae": 10,
        "5e03b8ee-5ef9-4dbb-987a-51978a14020b": 12
    },
    "mean_distortion_by_round": {
        "1": {
            "0": 0.7108808446382305,
            "1": 0.7613607424515856,
            "2": 0.8214850210360931,
            "3": 0.8672712931079485,
            "4": 0.873283781493891,
            "5": 0.8740965075098479,
            "6": 0.8944346419311252,
            "7": 0.8831885898319761,
            "8": 0.897195088360062,
            "9": 0.9271048036545044,
            "10": 0.9274571271516056,
            "11": 0.9350121740667063,
            "12": 0.9192265666177974,
            "13": 0.9410117638070205,
            "14": 0.9433323948161811,
            "15": 0.9363987573780468,
            "16": 0.9363987573780468
        }
    }
}