{
    "instance_id": "ec6cb863-a5a6-4959-ab5c-d416aaaffd3a",
    "results_dir": "/home/snow/github/land/lloyd-gla/results",
    "num_of_elements": 4,
    "variance_of_samples": 1.0,
    "samples_random_seed": 7558.0,
    "trial_random_seed": 5944.0,
    "initial_alphabet_opt": "unitary_until_num_of_elements",
    "distortion_measure_opt": "gain",
    "num_of_samples": 40,
    "max_num_of_interactions": 1000,
    "percentage_of_sub_samples": 1,
    "initial_codebook": {
        "86dcc4a9-f0bd-4dbd-9692-9df47c6a9ebb": {
            "complex_adjust0": [
                0.018236441026853813,
                -0.15707440725268462
            ],
            "complex_adjust1": [
                -0.5540882952654153,
                -0.49040395783231794
            ],
            "complex_adjust2": [
                -0.2655287355627325,
                -0.16512637597046334
            ],
            "complex_adjust3": [
                0.5595285189765012,
                -0.12899918216189016
            ]
        }
    },
    "lloydcodebook": {
        "0dc2fdc7-1ef3-4b39-aee7-b03f812f7f60": {
            "complex_adjust0": [
                0.49801525353635895,
                -0.044506260740665916
            ],
            "complex_adjust1": [
                0.4907311163944274,
                -0.09582782165049442
            ],
            "complex_adjust2": [
                -0.48675218714660934,
                0.11433419570711209
            ],
            "complex_adjust3": [
                0.2759222521302579,
                0.41697351328275806
            ]
        },
        "38c220b6-b906-4a49-ab77-603322ef924e": {
            "complex_adjust0": [
                0.2983123289130671,
                0.4012602078682386
            ],
            "complex_adjust1": [
                0.06807219971060653,
                0.4953445019646017
            ],
            "complex_adjust2": [
                0.47912448428093235,
                -0.142967578711156
            ],
            "complex_adjust3": [
                -0.4080565889293754,
                0.2889460507280256
            ]
        },
        "14fd2332-11b9-4539-af57-bb2d14173378": {
            "complex_adjust0": [
                0.10204236397085693,
                -0.4894766143088341
            ],
            "complex_adjust1": [
                -0.23949590693135608,
                -0.43890968383384665
            ],
            "complex_adjust2": [
                -0.40937987305118034,
                -0.28706814441975176
            ],
            "complex_adjust3": [
                0.47689382977499667,
                -0.15024072391511073
            ]
        },
        "fd377030-4159-4413-a9a8-94cb489f663e": {
            "complex_adjust0": [
                -0.4994079441877685,
                0.02432499295265493
            ],
            "complex_adjust1": [
                -0.4774736458505839,
                0.1483877269795289
            ],
            "complex_adjust2": [
                0.06448741454413835,
                0.4958239338368131
            ],
            "complex_adjust3": [
                0.18321519496667174,
                -0.4652227341105811
            ]
        }
    },
    "sets": {
        "ebf5b285-4baf-49f4-b985-80a5e275ce03": 10,
        "6c578dcc-44cc-47cf-b91e-6ba8abb65cb1": 6,
        "4e03f6f9-45e4-4b01-a2d6-213f9facde25": 14,
        "1b6ba361-deb3-48fa-a460-ed08dda58036": 10
    },
    "mean_distortion_by_round": {
        "1": {
            "0": 0.6648255724506618,
            "1": 0.6153760246249596,
            "2": 0.6921133118431956,
            "3": 0.6707278515508642,
            "4": 0.6682154950289562,
            "5": 0.6671341062291514,
            "6": 0.6671341062291513,
            "7": 0.6671341062291513
        },
        "2": {
            "0": 0.7965267099444459,
            "1": 0.8260014059051366,
            "2": 0.8727139787850688,
            "3": 0.9146602537721679,
            "4": 0.921077842546284,
            "5": 0.9168908045194591,
            "6": 0.9251419320373644,
            "7": 0.9251419320373644
        }
    }
}