{
    "instance_id": "dc7b0c04-56e2-4259-a764-5d168fca2177",
    "results_dir": "/home/snow/github/land/lloyd-gla/results",
    "num_of_elements": 4,
    "variance_of_samples": 1.0,
    "samples_random_seed": 8163.0,
    "trial_random_seed": 1114.0,
    "initial_alphabet_opt": "random",
    "distortion_measure_opt": "gain",
    "num_of_samples": 100,
    "max_num_of_interactions": 1000,
    "percentage_of_sub_samples": 1,
    "initial_codebook": {
        "548efb0b-34f0-4820-b6ef-6a0fcfd75cfd": {
            "complex_adjust0": [
                0.1920652302854599,
                0.10948970212264172
            ],
            "complex_adjust1": [
                -0.8231493690252557,
                0.12269543616223096
            ],
            "complex_adjust2": [
                -0.4832791648593894,
                -0.14283308329695119
            ],
            "complex_adjust3": [
                0.0616832028659387,
                0.027000745835411094
            ]
        },
        "a590ab8f-acc7-4fa1-9d72-a4e4dcd4d29e": {
            "complex_adjust0": [
                -0.4741886924270703,
                -0.29770642091614063
            ],
            "complex_adjust1": [
                0.058207338227006994,
                0.18452261195929018
            ],
            "complex_adjust2": [
                -0.1840011372835349,
                0.5157836390939466
            ],
            "complex_adjust3": [
                0.3313279491203456,
                0.48929734479652753
            ]
        },
        "d2f908cc-b604-4f2b-abed-6e9d5793b9eb": {
            "complex_adjust0": [
                -0.3026909674059037,
                -0.2923783295718544
            ],
            "complex_adjust1": [
                -0.01833633437534641,
                -0.14073767397107262
            ],
            "complex_adjust2": [
                0.681470492555162,
                0.09504195002722945
            ],
            "complex_adjust3": [
                0.5679453640228741,
                -0.08217563879343803
            ]
        },
        "8ff7a608-c113-465e-bb32-d59df0f6ee20": {
            "complex_adjust0": [
                0.08982733413945002,
                -0.07316847478637478
            ],
            "complex_adjust1": [
                -0.08189719300867038,
                -0.1869911501913848
            ],
            "complex_adjust2": [
                -0.6396675016151916,
                -0.3091802485779281
            ],
            "complex_adjust3": [
                0.6147071528349635,
                -0.24954510892109472
            ]
        }
    },
    "lloydcodebook": {
        "b6d46cc6-a70c-4323-9f3a-5edee1797cbd": {
            "complex_adjust0": [
                0.3301213342303763,
                -0.37552617044083114
            ],
            "complex_adjust1": [
                -0.28897940189282084,
                0.40803297082670603
            ],
            "complex_adjust2": [
                -0.49811487790669257,
                0.04337704932335491
            ],
            "complex_adjust3": [
                -0.4999057406419466,
                -0.009708268291864965
            ]
        },
        "de758f59-dce4-4680-9ad6-feeccd230875": {
            "complex_adjust0": [
                -0.49765070613841994,
                -0.04841254672016365
            ],
            "complex_adjust1": [
                0.4437487890230137,
                -0.23040618967512336
            ],
            "complex_adjust2": [
                -0.2830069939025353,
                0.41219781828904717
            ],
            "complex_adjust3": [
                -0.08740348481082125,
                0.49230136181299006
            ]
        },
        "34b991ce-df37-422f-92d0-b11bc8a5b70e": {
            "complex_adjust0": [
                -0.34613175242673017,
                0.3608224077880984
            ],
            "complex_adjust1": [
                0.17940191621101068,
                0.4667064949835362
            ],
            "complex_adjust2": [
                0.4671095667795073,
                0.17834980410154921
            ],
            "complex_adjust3": [
                0.09280962182011378,
                -0.49131087317258454
            ]
        },
        "dd5d7651-37e1-49c8-a1ea-c67b3d7c7600": {
            "complex_adjust0": [
                0.4302825270308486,
                -0.2546702710014402
            ],
            "complex_adjust1": [
                0.23632878955774014,
                -0.4406230852170292
            ],
            "complex_adjust2": [
                -0.02782798698507514,
                -0.49922500251926333
            ],
            "complex_adjust3": [
                0.3287147431685447,
                -0.3767580359111637
            ]
        }
    },
    "sets": {
        "7831109e-8439-4c13-b51f-edf23142946d": 19,
        "b373e737-1be5-42ed-900a-bcdff487fb8d": 27,
        "e1da6818-84dd-44cb-9146-ac90db9dfc28": 33,
        "ab7b7045-a2aa-47bb-a9f6-62b9316e017a": 21
    },
    "mean_distortion_by_round": {
        "1": {
            "0": 0.6280678632536403,
            "1": 0.8612183614032284,
            "2": 0.8684660080028433,
            "3": 0.8790596740744919,
            "4": 0.8689004129391397,
            "5": 0.8763171026883809,
            "6": 0.8816980766292972,
            "7": 0.8833055051662885,
            "8": 0.8847692776279721,
            "9": 0.8857726866166977,
            "10": 0.8858911342240657,
            "11": 0.8853195032128868,
            "12": 0.8877266347537636,
            "13": 0.8881338469107183,
            "14": 0.8901803857766727,
            "15": 0.8923763766848001,
            "16": 0.8847394210076446,
            "17": 0.8881958526432873,
            "18": 0.8867306549389836,
            "19": 0.8867306549389836
        }
    }
}