{
    "instance_id": "d6825e17-1853-4763-a8eb-748579c1a1d3",
    "results_dir": "/home/snow/github/land/lloyd-gla/results",
    "num_of_elements": 4,
    "variance_of_samples": 1.0,
    "samples_random_seed": 2571.0,
    "trial_random_seed": 3794.0,
    "initial_alphabet_opt": "random",
    "distortion_measure_opt": "gain",
    "num_of_samples": 100,
    "max_num_of_interactions": 1000,
    "percentage_of_sub_samples": 1,
    "initial_codebook": {
        "816365e0-75a5-4a98-9947-b7491be63126": {
            "complex_adjust0": [
                0.16951719585564548,
                -0.18581446547656652
            ],
            "complex_adjust1": [
                -0.0006806607692146488,
                -0.054919072867002094
            ],
            "complex_adjust2": [
                0.12990715078081205,
                0.7369894519671388
            ],
            "complex_adjust3": [
                0.3904611429182745,
                0.4703521155489632
            ]
        },
        "90575823-7f46-41ea-b9a2-15e05fa70786": {
            "complex_adjust0": [
                -0.18393555321221283,
                0.5461595469681337
            ],
            "complex_adjust1": [
                0.06145935813538381,
                0.1440704347803241
            ],
            "complex_adjust2": [
                -0.5242949353330807,
                -0.08931291632186139
            ],
            "complex_adjust3": [
                0.14660336375344407,
                -0.5822279589114694
            ]
        },
        "82a8899e-da9d-4f9c-9c3e-7c1547e7f59f": {
            "complex_adjust0": [
                -0.7489151010321439,
                -0.19953259943636906
            ],
            "complex_adjust1": [
                -0.324066012396692,
                -0.17999789033821337
            ],
            "complex_adjust2": [
                0.237774514227346,
                0.18018516171124738
            ],
            "complex_adjust3": [
                0.01684884999782861,
                -0.41546070383138595
            ]
        },
        "c3ba4cfb-7345-4b76-b7e5-95c49a9286e8": {
            "complex_adjust0": [
                0.2360777465660525,
                -0.269075849183514
            ],
            "complex_adjust1": [
                -0.6686836776236724,
                0.2908077595459446
            ],
            "complex_adjust2": [
                0.11255366805741399,
                0.1343734685656827
            ],
            "complex_adjust3": [
                -0.5180259766697545,
                0.20268942122816946
            ]
        }
    },
    "lloydcodebook": {
        "8c9b6dfe-667e-4a14-9adf-f1957ebfc341": {
            "complex_adjust0": [
                0.11845071738335673,
                -0.4857668448457224
            ],
            "complex_adjust1": [
                0.46327581848012106,
                -0.18808380050279158
            ],
            "complex_adjust2": [
                0.161002837801817,
                0.4733688690860034
            ],
            "complex_adjust3": [
                -0.3216693916704468,
                0.3827908077035872
            ]
        },
        "c50a9fbb-2d51-4a1b-bcba-f0398144c339": {
            "complex_adjust0": [
                0.05744136025774469,
                0.49668953092625173
            ],
            "complex_adjust1": [
                0.4139325829793179,
                0.2804635747259706
            ],
            "complex_adjust2": [
                -0.22671523084657358,
                -0.44564582809915865
            ],
            "complex_adjust3": [
                0.22260688835117334,
                -0.4477121544682568
            ]
        },
        "f7decd0b-8a4c-4057-a315-40a23cab830f": {
            "complex_adjust0": [
                -0.27409994641680085,
                -0.41817367130691874
            ],
            "complex_adjust1": [
                -0.4960444350390181,
                -0.06276876983676985
            ],
            "complex_adjust2": [
                0.4999820411460986,
                -0.004237750745495664
            ],
            "complex_adjust3": [
                0.49623388194309687,
                0.06125303593851161
            ]
        },
        "e842315e-d840-4af2-a62c-e4747450f354": {
            "complex_adjust0": [
                0.48660944655386296,
                0.11494018672571914
            ],
            "complex_adjust1": [
                -0.45840235618135927,
                -0.19966792393215843
            ],
            "complex_adjust2": [
                -0.4987777438479333,
                0.03493940815133337
            ],
            "complex_adjust3": [
                -0.4610742121591161,
                0.19341812449160597
            ]
        }
    },
    "sets": {
        "a605aecf-0514-42d1-8e80-bb7de7f443b7": 25,
        "776be968-3248-476c-9d1d-e405b060fdb3": 24,
        "7f69fd8f-5ac8-4dd7-b69b-9b789bd4de55": 31,
        "7728c5d1-6bb7-453f-b537-178c794a5787": 20
    },
    "mean_distortion_by_round": {
        "1": {
            "0": 0.770279678237616,
            "1": 0.8616164476525293,
            "2": 0.8914243072803545,
            "3": 0.9111284756823979,
            "4": 0.9152047251924768,
            "5": 0.9184564746891354,
            "6": 0.9184564746891354
        }
    }
}