{
    "instance_id": "4aafee0a-e3c8-4172-815b-5c94f00c2475",
    "results_dir": "/home/snow/github/land/lloyd-gla/results",
    "num_of_elements": 4,
    "variance_of_samples": 1.0,
    "samples_random_seed": 3175.0,
    "trial_random_seed": 4425.0,
    "initial_alphabet_opt": "random",
    "distortion_measure_opt": "gain",
    "num_of_samples": 40,
    "max_num_of_interactions": 1000,
    "percentage_of_sub_samples": 1,
    "initial_codebook": {
        "e484c988-042c-4d85-97e8-6431d14e3df1": {
            "complex_adjust0": [
                0.5106954388567866,
                0.3410284209965461
            ],
            "complex_adjust1": [
                0.07996369606872489,
                -0.08158880546645651
            ],
            "complex_adjust2": [
                -0.2896138222965497,
                0.05916034515326858
            ],
            "complex_adjust3": [
                -0.2934571155372079,
                0.6605646582839355
            ]
        },
        "2ebdcc8b-e6f2-484e-9bef-7610b182f196": {
            "complex_adjust0": [
                -0.5395505617103977,
                -0.17294835343330722
            ],
            "complex_adjust1": [
                0.14606790068069267,
                -0.2224326136806144
            ],
            "complex_adjust2": [
                -0.2688580602388596,
                0.7100689883082455
            ],
            "complex_adjust3": [
                0.1741312726325713,
                0.03684608993518185
            ]
        },
        "635f19df-9bec-4d10-b526-7efb7f9c4e8f": {
            "complex_adjust0": [
                -0.08896766575943728,
                0.3104850019060432
            ],
            "complex_adjust1": [
                -0.2491648835056556,
                -0.15137406962217587
            ],
            "complex_adjust2": [
                0.38733448855552105,
                0.09196403013470014
            ],
            "complex_adjust3": [
                -0.7964091110744743,
                0.13391679823210148
            ]
        },
        "084f2d0c-757c-4a6c-843b-4ae842516052": {
            "complex_adjust0": [
                0.21240889629090665,
                -0.014899887278583181
            ],
            "complex_adjust1": [
                0.29251601689179785,
                0.13208032825018426
            ],
            "complex_adjust2": [
                -0.7130142955411004,
                0.47931379602517993
            ],
            "complex_adjust3": [
                -0.0420528718633515,
                -0.33429040690490996
            ]
        }
    },
    "lloydcodebook": {
        "06b1f653-eec1-4853-a345-1a849bf4b8fd": {
            "complex_adjust0": [
                0.29526424455242145,
                0.4035083963053159
            ],
            "complex_adjust1": [
                -0.19386674639573814,
                0.46088576094508554
            ],
            "complex_adjust2": [
                -0.43559066459488754,
                -0.2454806976480721
            ],
            "complex_adjust3": [
                0.24768676849500887,
                0.4343400335134903
            ]
        },
        "8b6d8641-bf3d-4bdd-a621-f230fbce26af": {
            "complex_adjust0": [
                -0.40552253960353374,
                -0.2924918287294543
            ],
            "complex_adjust1": [
                0.15804263700160995,
                -0.47436539174941644
            ],
            "complex_adjust2": [
                -0.23591355307622114,
                0.4408455460532101
            ],
            "complex_adjust3": [
                0.4489045316701684,
                -0.2201924645531421
            ]
        },
        "18c9eaf7-f584-4ae2-bbc8-8b441044a507": {
            "complex_adjust0": [
                -0.48729889460525694,
                0.1119811917979742
            ],
            "complex_adjust1": [
                -0.45632715547825325,
                -0.20436615955956625
            ],
            "complex_adjust2": [
                0.4674281967853152,
                -0.1775130441686712
            ],
            "complex_adjust3": [
                -0.4139164654178049,
                -0.2804873609559459
            ]
        },
        "2f0ae3a3-3098-43bd-9a70-1780c8201de5": {
            "complex_adjust0": [
                -0.12764102252703594,
                -0.48343331429293607
            ],
            "complex_adjust1": [
                0.21749213015567442,
                0.45021902816334536
            ],
            "complex_adjust2": [
                0.06615616304856724,
                -0.4956040376053159
            ],
            "complex_adjust3": [
                0.3931598178457749,
                -0.3089099506838151
            ]
        }
    },
    "sets": {
        "08cba138-5cb3-43fd-be7c-fd4e5e5c1084": 10,
        "65e27a66-6ceb-41c2-90a5-58087ccf616c": 10,
        "75064e33-4c08-4d40-9c23-b526fcdb19a6": 10,
        "86599cef-86b9-40a3-8117-ebb4110c55a8": 10
    },
    "mean_distortion_by_round": {
        "1": {
            "0": 0.5778491122401331,
            "1": 0.9109109750360158,
            "2": 0.9144535468431542,
            "3": 0.927701102600621,
            "4": 0.9275187352934464,
            "5": 0.9275187352934464
        }
    }
}