{
    "instance_id": "e96e6d8a-cfa6-478f-b77b-600493b9fb39",
    "results_dir": "/home/snow/github/land/lloyd-gla/results",
    "num_of_elements": 4,
    "variance_of_samples": 1.0,
    "samples_random_seed": 8139.0,
    "trial_random_seed": 5812.0,
    "initial_alphabet_opt": "random",
    "distortion_measure_opt": "gain",
    "num_of_samples": 100,
    "max_num_of_interactions": 1000,
    "percentage_of_sub_samples": 1,
    "initial_codebook": {
        "3ed7ecbb-09c5-4568-97ba-d7b1f16eec15": {
            "complex_adjust0": [
                -0.2568717749662631,
                0.00422261183430821
            ],
            "complex_adjust1": [
                -0.21032585695732425,
                0.345606584369024
            ],
            "complex_adjust2": [
                -0.0717425396143364,
                -0.5074619567153946
            ],
            "complex_adjust3": [
                -0.6698899758868717,
                0.24269522907028254
            ]
        },
        "9a9b6fc3-e0ea-4381-ad29-346a7de2134f": {
            "complex_adjust0": [
                0.016858667467787473,
                -0.2846616187786811
            ],
            "complex_adjust1": [
                -0.27240444912819506,
                0.4787880998676609
            ],
            "complex_adjust2": [
                -0.13896000455824237,
                0.07840032435778468
            ],
            "complex_adjust3": [
                0.7661092173073879,
                -0.053492925478232645
            ]
        },
        "a91143c3-46d6-44ac-bf1f-6810495c7668": {
            "complex_adjust0": [
                0.32283414888095485,
                0.6132032071511024
            ],
            "complex_adjust1": [
                -0.168161187761266,
                0.11875743007490783
            ],
            "complex_adjust2": [
                -0.38879847777942267,
                -0.11384189055531843
            ],
            "complex_adjust3": [
                -0.459213473784019,
                0.3199643416305078
            ]
        },
        "f425f3a8-cae0-47c4-b7fd-9a8478d08a3d": {
            "complex_adjust0": [
                -0.676179256637243,
                -0.06131017973234061
            ],
            "complex_adjust1": [
                0.4447849448360323,
                -0.3271573658221483
            ],
            "complex_adjust2": [
                -0.25051388794191976,
                -0.17359394883999008
            ],
            "complex_adjust3": [
                0.22946617919460782,
                -0.29767480758439174
            ]
        }
    },
    "lloydcodebook": {
        "d7d34e18-13c7-404f-bb22-b21cdc3a4356": {
            "complex_adjust0": [
                -0.31008768101814516,
                -0.3922316026033459
            ],
            "complex_adjust1": [
                0.3087195333804265,
                0.39330935624438396
            ],
            "complex_adjust2": [
                0.4670977689117137,
                -0.17838070040702078
            ],
            "complex_adjust3": [
                -0.3664843711726151,
                0.3401311595343962
            ]
        },
        "59038d25-6230-49c1-ad83-fee10262936d": {
            "complex_adjust0": [
                0.20807409984224212,
                -0.4546484014871719
            ],
            "complex_adjust1": [
                -0.4629999213408778,
                0.18876194753800604
            ],
            "complex_adjust2": [
                -0.48684146273868384,
                0.11395345610580988
            ],
            "complex_adjust3": [
                0.23484852006883025,
                -0.44141383374502463
            ]
        },
        "154ed43f-649e-404c-be2c-159f1e5e6007": {
            "complex_adjust0": [
                0.273606173731718,
                0.41849690763001934
            ],
            "complex_adjust1": [
                -0.004975876857615517,
                -0.49997524003644206
            ],
            "complex_adjust2": [
                -0.09816522697711821,
                0.4902688937843506
            ],
            "complex_adjust3": [
                -0.3234649641917409,
                -0.3812747263331727
            ]
        },
        "08a7609f-5ddd-488e-8ec5-fde1a4b114a2": {
            "complex_adjust0": [
                -0.49970182729556545,
                -0.01726510345966355
            ],
            "complex_adjust1": [
                0.06503495392642777,
                -0.49575241277051535
            ],
            "complex_adjust2": [
                0.23612284178696316,
                -0.4407334836229813
            ],
            "complex_adjust3": [
                0.47590676829771467,
                0.1533386705577733
            ]
        }
    },
    "sets": {
        "a2795abe-3d6a-4e72-8e97-939a7a964cee": 21,
        "b8733828-ad98-4197-b051-09a1d75495d1": 28,
        "db23534b-038c-419f-b933-19b358980d3d": 28,
        "32020825-c394-43ca-bfa8-4a8cca2eb1c1": 23
    },
    "mean_distortion_by_round": {
        "1": {
            "0": 0.7601695878195188,
            "1": 0.8359157050947816,
            "2": 0.8551121697372815,
            "3": 0.8606537551305797,
            "4": 0.8692114690675491,
            "5": 0.8671480278738299,
            "6": 0.8617846007103427,
            "7": 0.8610966383501879,
            "8": 0.8633178740861314,
            "9": 0.8693621937577255,
            "10": 0.8687514933261515,
            "11": 0.8687514933261515
        }
    }
}