{
    "instance_id": "2fe9a965-cc14-46c1-8e4f-ed2f3a672555",
    "results_dir": "/home/snow/github/land/lloyd-gla/results",
    "num_of_elements": 4,
    "variance_of_samples": 1.0,
    "samples_random_seed": 9173.0,
    "trial_random_seed": 7026.0,
    "initial_alphabet_opt": "random",
    "distortion_measure_opt": "gain",
    "num_of_samples": 100,
    "max_num_of_interactions": 1000,
    "percentage_of_sub_samples": 1,
    "initial_codebook": {
        "24358234-c7a2-42ae-bd51-958c7e957d7a": {
            "complex_adjust0": [
                0.6193260978370343,
                0.26407316692420146
            ],
            "complex_adjust1": [
                -0.040215698822866415,
                0.15354261089086324
            ],
            "complex_adjust2": [
                0.2653488928506757,
                0.3865036985413676
            ],
            "complex_adjust3": [
                0.4018799614341129,
                0.3744399336770325
            ]
        },
        "421dee43-8532-4139-be5e-24971ac01c47": {
            "complex_adjust0": [
                -0.2662008525211751,
                -0.07108875839671601
            ],
            "complex_adjust1": [
                -0.1480472993014035,
                -0.23984011884033732
            ],
            "complex_adjust2": [
                -0.7213259703980308,
                -0.06735341041378719
            ],
            "complex_adjust3": [
                -0.43971715424125135,
                0.35558880172436985
            ]
        },
        "9a93c295-c6fd-4176-b1ea-ae98a1d0b41d": {
            "complex_adjust0": [
                -0.10226063818458887,
                -0.5441395062251825
            ],
            "complex_adjust1": [
                -0.6426307556877877,
                0.081600327026284
            ],
            "complex_adjust2": [
                0.20401609769283474,
                -0.10816296875589818
            ],
            "complex_adjust3": [
                -0.44812698564641057,
                0.1402942155757025
            ]
        },
        "27f29835-0dee-4883-a4bf-dfd09199f148": {
            "complex_adjust0": [
                0.1064649906753528,
                -0.24112327413069684
            ],
            "complex_adjust1": [
                0.24809492484221338,
                -0.12650453469329118
            ],
            "complex_adjust2": [
                0.7410073108263528,
                0.4487809936080512
            ],
            "complex_adjust3": [
                0.13924980464401987,
                0.288242190505189
            ]
        }
    },
    "lloydcodebook": {
        "9afecc61-c11b-4368-badf-65ea4fd133ce": {
            "complex_adjust0": [
                -0.14230118760282062,
                0.4793228265030019
            ],
            "complex_adjust1": [
                -0.11388412592365275,
                0.4868576854303582
            ],
            "complex_adjust2": [
                -0.21561422042226736,
                -0.45112138937507484
            ],
            "complex_adjust3": [
                0.4917813925694905,
                0.09028323167904828
            ]
        },
        "b0f58037-dbd5-4f4c-9385-8d806524b688": {
            "complex_adjust0": [
                0.3969413357942144,
                0.30403548466898517
            ],
            "complex_adjust1": [
                0.4653421430605989,
                -0.18291169971264584
            ],
            "complex_adjust2": [
                -0.3985440473172671,
                0.30193151930193035
            ],
            "complex_adjust3": [
                -0.4303326024498868,
                -0.25458564623463686
            ]
        },
        "48f845b1-c7d3-4c00-91c5-d3011cfd5ff0": {
            "complex_adjust0": [
                -0.31007496119923283,
                0.3922416582125033
            ],
            "complex_adjust1": [
                -0.45672693299627914,
                -0.20347114949253212
            ],
            "complex_adjust2": [
                0.48955469667857954,
                -0.101667098709189
            ],
            "complex_adjust3": [
                -0.3545137852283094,
                0.3525903800206354
            ]
        },
        "e3ed26cb-aea6-4ba7-a9a0-d2ce382ed572": {
            "complex_adjust0": [
                -0.12811090293910343,
                -0.4833090073111897
            ],
            "complex_adjust1": [
                0.21870785741568147,
                -0.44962970665275437
            ],
            "complex_adjust2": [
                0.46737897896602476,
                0.17764259067204635
            ],
            "complex_adjust3": [
                0.33702913837423376,
                -0.3693390852410852
            ]
        }
    },
    "sets": {
        "baae4f96-5ada-4b0e-b870-01006477be41": 25,
        "6074b19d-de09-49cf-b217-897c225c64e7": 25,
        "613431f4-b303-4443-a05d-667034a6b3d7": 23,
        "684c2f50-e435-4a05-9e26-ae1330bda940": 27
    },
    "mean_distortion_by_round": {
        "1": {
            "0": 0.7604028169794352,
            "1": 0.8221417045869585,
            "2": 0.8746643583597924,
            "3": 0.8827629957007901,
            "4": 0.8765043436571811,
            "5": 0.8827537940377139,
            "6": 0.8691823915922459,
            "7": 0.8647031100766567,
            "8": 0.8687123741233721,
            "9": 0.8727684384093992,
            "10": 0.8703649034571904,
            "11": 0.8787487332322469,
            "12": 0.8914945200724693,
            "13": 0.893519864681327,
            "14": 0.8921303112620855,
            "15": 0.8930565940176395,
            "16": 0.8930565940176395
        }
    }
}