{
    "instance_id": "e79f5801-e75b-4f78-a565-ac1b42bcfb7e",
    "results_dir": "/home/snow/github/land/lloyd-gla/results",
    "num_of_elements": 4,
    "variance_of_samples": 1.0,
    "samples_random_seed": 7183.0,
    "trial_random_seed": 4069.0,
    "initial_alphabet_opt": "random_from_samples",
    "distortion_measure_opt": "gain",
    "num_of_samples": 40,
    "max_num_of_interactions": 1000,
    "percentage_of_sub_samples": 1,
    "initial_codebook": {
        "1de323ed-bfd0-4eef-8170-0202cbe4947f": {
            "complex_adjust0": [
                -0.19294494922941696,
                -0.27749790144842257
            ],
            "complex_adjust1": [
                -0.4029947310863963,
                0.1709915017710349
            ],
            "complex_adjust2": [
                -0.10621846870282721,
                -0.028767647027353693
            ],
            "complex_adjust3": [
                0.7465022137934264,
                -0.35319798766374394
            ]
        },
        "b6ca8496-d1b1-4426-93b2-b1b4099a926c": {
            "complex_adjust0": [
                -0.42142974919878723,
                0.025486169001408324
            ],
            "complex_adjust1": [
                -0.1148342349026155,
                0.45811735268572135
            ],
            "complex_adjust2": [
                0.3520930776795956,
                -0.5001614422486631
            ],
            "complex_adjust3": [
                0.019791436992451897,
                0.4734620435706092
            ]
        },
        "4855a212-710d-49da-889c-ffdb261ae28c": {
            "complex_adjust0": [
                -0.308817702965365,
                -0.45778548486073467
            ],
            "complex_adjust1": [
                0.10264180866730611,
                -0.2760912041737442
            ],
            "complex_adjust2": [
                0.016462842976140285,
                -0.7087032001836523
            ],
            "complex_adjust3": [
                0.29170704026689814,
                0.14379893527677068
            ]
        },
        "676ad50a-5d7c-4e02-ba8a-55d8fd350ea5": {
            "complex_adjust0": [
                0.06737405160688678,
                -0.24993541306124398
            ],
            "complex_adjust1": [
                0.005199565025287043,
                0.37581066906584765
            ],
            "complex_adjust2": [
                -0.06626679515083446,
                -0.05621918333635303
            ],
            "complex_adjust3": [
                0.0040579810047056955,
                0.8855303383190222
            ]
        }
    },
    "lloydcodebook": {
        "b022306f-235d-4c8b-94cf-f8164a3cd0f7": {
            "complex_adjust0": [
                -0.4845986418265963,
                -0.12314282902312362
            ],
            "complex_adjust1": [
                -0.49701203719035836,
                0.05458053579702077
            ],
            "complex_adjust2": [
                -0.01949691882757877,
                0.4996197255475716
            ],
            "complex_adjust3": [
                0.18989562091091394,
                -0.46253611011342505
            ]
        },
        "be528874-9a84-4a86-b537-a42b5debe3cd": {
            "complex_adjust0": [
                -0.018395429248736123,
                0.4996614935961693
            ],
            "complex_adjust1": [
                -0.4994666247606982,
                0.023088758090376034
            ],
            "complex_adjust2": [
                0.49485416950384054,
                0.07154963958444716
            ],
            "complex_adjust3": [
                -0.48945612672463334,
                0.10214058944278553
            ]
        },
        "5339a8e2-be91-4d93-a05e-a18c2d0a943d": {
            "complex_adjust0": [
                -0.10135767154986254,
                -0.4896188542305026
            ],
            "complex_adjust1": [
                0.3944043168280405,
                -0.30731943457485184
            ],
            "complex_adjust2": [
                0.14848691054788152,
                -0.4774428106024275
            ],
            "complex_adjust3": [
                0.0518804268164934,
                0.4973011374542979
            ]
        },
        "e5231fd3-1070-42b4-83f8-4d1398363aa8": {
            "complex_adjust0": [
                0.04752398229021925,
                0.49773634698229435
            ],
            "complex_adjust1": [
                0.16482582071989169,
                0.47205132011680057
            ],
            "complex_adjust2": [
                0.28850065379925643,
                0.40837161110611203
            ],
            "complex_adjust3": [
                0.0422608857359213,
                0.49821081635871317
            ]
        }
    },
    "sets": {
        "93485db6-21d4-440a-af5a-7d6fe517a31f": 13,
        "bb1bd729-1dd8-4406-b919-e4057e07330b": 9,
        "3a80f87f-9d6a-4939-849e-d53baae6207c": 10,
        "17c8922b-87d5-495b-8b45-c51388445fe3": 8
    },
    "mean_distortion_by_round": {
        "1": {
            "0": 0.7401573319220598,
            "1": 0.8797515240850468,
            "2": 0.9083361994799433,
            "3": 0.904316311037823,
            "4": 0.9131497881549094,
            "5": 0.9007205382857478,
            "6": 0.9036362730048388,
            "7": 0.9104245933089334,
            "8": 0.9104245933089334
        }
    }
}