{
    "instance_id": "7c33b56f-6080-4dd7-a548-93c45ce1cd12",
    "results_dir": "/home/snow/github/land/lloyd-gla/results",
    "num_of_elements": 4,
    "variance_of_samples": 1.0,
    "samples_random_seed": 2042.0,
    "trial_random_seed": 58.0,
    "initial_alphabet_opt": "random",
    "distortion_measure_opt": "gain",
    "num_of_samples": 400,
    "max_num_of_interactions": 1000,
    "percentage_of_sub_samples": 1,
    "initial_codebook": {
        "96165667-b3d8-4c92-9aac-3f34f87e7229": {
            "complex_adjust0": [
                0.2743678057692483,
                0.26872171433315006
            ],
            "complex_adjust1": [
                0.421015378306736,
                -0.1505347680771944
            ],
            "complex_adjust2": [
                -0.37064597083810075,
                -0.4317966084454354
            ],
            "complex_adjust3": [
                0.29263220359691017,
                0.4930881552896194
            ]
        },
        "f758fa1f-12af-4c61-9f28-ad1a6e3714d2": {
            "complex_adjust0": [
                -0.4756603590658836,
                -0.27332890345895583
            ],
            "complex_adjust1": [
                -0.025657679261667034,
                -0.05334740096761017
            ],
            "complex_adjust2": [
                0.7533753480065705,
                -0.12645254468632738
            ],
            "complex_adjust3": [
                0.30130798713777257,
                0.14554417713347675
            ]
        },
        "0be01b57-e6ed-49a6-ab43-449952904997": {
            "complex_adjust0": [
                -0.13283326014002036,
                0.7723941995665211
            ],
            "complex_adjust1": [
                0.0297384403399229,
                -0.15125834105479977
            ],
            "complex_adjust2": [
                0.14836152613620468,
                0.3104958951879765
            ],
            "complex_adjust3": [
                0.07339522419198476,
                -0.4880505738177419
            ]
        },
        "ad8cd46d-b5a3-461a-9e0b-6638f4fe4b91": {
            "complex_adjust0": [
                0.19864837130065063,
                -0.07904777923316418
            ],
            "complex_adjust1": [
                -0.11226066417378208,
                0.10432329826045521
            ],
            "complex_adjust2": [
                0.3690296335569155,
                -0.21627310230558716
            ],
            "complex_adjust3": [
                0.8539504053748087,
                -0.1364413640850561
            ]
        }
    },
    "lloydcodebook": {
        "10c71afe-e792-49de-b5db-d286078b588e": {
            "complex_adjust0": [
                0.4598219815337145,
                0.19637653958252838
            ],
            "complex_adjust1": [
                0.42336805418646645,
                0.26600656137464956
            ],
            "complex_adjust2": [
                0.03127001423124906,
                -0.4990212282157719
            ],
            "complex_adjust3": [
                -0.04560416440414355,
                0.49791591678615765
            ]
        },
        "7c259198-b000-4278-91b3-f33a87e5b014": {
            "complex_adjust0": [
                -0.3697372591515937,
                -0.3365922744138184
            ],
            "complex_adjust1": [
                -0.22794981783312543,
                -0.4450155958501285
            ],
            "complex_adjust2": [
                0.3778339494346662,
                -0.3274774903021613
            ],
            "complex_adjust3": [
                -0.42999021531794107,
                0.25516350587580244
            ]
        },
        "c0f82dff-06b3-469e-9c0e-6ff86f478609": {
            "complex_adjust0": [
                -0.3501575675045958,
                0.356916906183028
            ],
            "complex_adjust1": [
                -0.18335415510428388,
                -0.46516798450236685
            ],
            "complex_adjust2": [
                -0.3758437738695129,
                0.3297596968150026
            ],
            "complex_adjust3": [
                0.4981634343354612,
                -0.042815799549916586
            ]
        },
        "6fbf2370-40e0-4946-8931-dfd3edbd87eb": {
            "complex_adjust0": [
                0.3598020018781302,
                -0.3471923378251455
            ],
            "complex_adjust1": [
                -0.26964472975224074,
                0.42106023288460886
            ],
            "complex_adjust2": [
                0.30763109473085054,
                0.39416127353495606
            ],
            "complex_adjust3": [
                -0.03378299527369314,
                -0.4988574037040421
            ]
        }
    },
    "sets": {
        "529a19a2-f22a-456c-a5db-d87aee3a6bb7": 96,
        "be64abe5-9084-425a-8dde-bb882b1e0006": 82,
        "841fc419-0ff8-4bea-b206-7114d1c41f88": 127,
        "2786fe99-8397-468e-9d42-e85321049d16": 95
    },
    "mean_distortion_by_round": {
        "1": {
            "0": 0.7297309595256938,
            "1": 0.8097526821511787,
            "2": 0.83126287573339,
            "3": 0.8386117560318282,
            "4": 0.8414533511913822,
            "5": 0.8457169615215824,
            "6": 0.8462395109347024,
            "7": 0.845951164942276,
            "8": 0.8451339396223435,
            "9": 0.8457026233467329,
            "10": 0.8460298344970859,
            "11": 0.8463313152579036,
            "12": 0.8508291615344112,
            "13": 0.8553145589573603,
            "14": 0.8563952775322003,
            "15": 0.8559915684168955,
            "16": 0.8572619936251029,
            "17": 0.8572784114834616,
            "18": 0.8569104303104621,
            "19": 0.8560590496508178,
            "20": 0.8568152707931553,
            "21": 0.8574237907481173,
            "22": 0.8580556642572762,
            "23": 0.8577814353253556,
            "24": 0.8577249614072651,
            "25": 0.8573468668766442,
            "26": 0.8577932328665522,
            "27": 0.8571285624224043,
            "28": 0.8576615939597443,
            "29": 0.8576615939597443
        }
    }
}