{
    "instance_id": "1028ec1c-4af1-4367-840d-af228ac793f3",
    "results_dir": "/home/snow/github/land/lloyd-gla/results",
    "num_of_elements": 4,
    "variance_of_samples": 1.0,
    "samples_random_seed": 7880.0,
    "trial_random_seed": 9193.0,
    "initial_alphabet_opt": "random",
    "distortion_measure_opt": "mse",
    "num_of_samples": 40,
    "max_num_of_interactions": 1000,
    "percentage_of_sub_samples": 1,
    "initial_codebook": {
        "651ad8fc-fa2d-40fc-a9cf-8cc4604c683f": {
            "complex_adjust0": [
                0.3713089320904319,
                0.051452663519506774
            ],
            "complex_adjust1": [
                0.48909333323587456,
                0.352952137432455
            ],
            "complex_adjust2": [
                -0.3408468810509557,
                -0.4872346038210023
            ],
            "complex_adjust3": [
                -0.13053178259551054,
                0.35366947660543085
            ]
        },
        "ee759102-7401-4f29-b635-3fb928f174d9": {
            "complex_adjust0": [
                -0.34963392505835356,
                0.6561638696887022
            ],
            "complex_adjust1": [
                0.2550823257992044,
                -0.09725930915258522
            ],
            "complex_adjust2": [
                0.1758058846883902,
                0.12801146548120676
            ],
            "complex_adjust3": [
                0.3182583313314086,
                -0.4733874930370482
            ]
        },
        "beb045ae-a4de-42d7-a36f-4c0199b67fda": {
            "complex_adjust0": [
                0.5512384419394716,
                0.494865696154259
            ],
            "complex_adjust1": [
                0.042695300318010686,
                -0.13275124695163792
            ],
            "complex_adjust2": [
                -0.3502620417339099,
                0.34974677211828487
            ],
            "complex_adjust3": [
                0.026027453186485222,
                0.43141002521418426
            ]
        },
        "7bcfa635-b8dc-493b-b652-3cb689f6ce6c": {
            "complex_adjust0": [
                0.3074022999851253,
                -0.4602199674909555
            ],
            "complex_adjust1": [
                0.24910959381803957,
                -0.49443367914351444
            ],
            "complex_adjust2": [
                0.45863361060359464,
                0.35465389180462786
            ],
            "complex_adjust3": [
                0.21831528799622216,
                -0.058270215055093166
            ]
        }
    },
    "lloydcodebook": {
        "13fd8c71-ff42-4ab4-ba06-895b4a39a29e": {
            "complex_adjust0": [
                0.09421639247222878,
                -0.07698576602501374
            ],
            "complex_adjust1": [
                -0.4070760237014164,
                0.40792844698697706
            ],
            "complex_adjust2": [
                0.16601785872042524,
                -0.7579017851293057
            ],
            "complex_adjust3": [
                -0.1443179557677914,
                0.17399781208969245
            ]
        },
        "7e9eac72-d119-4804-89b9-bd0ff89d6158": {
            "complex_adjust0": [
                0.23110192308058947,
                -0.08690425586613523
            ],
            "complex_adjust1": [
                0.42362896306850345,
                -0.09348967736692312
            ],
            "complex_adjust2": [
                -0.25022247948613674,
                0.32801276404515506
            ],
            "complex_adjust3": [
                0.10160465418667454,
                -0.7551890921928186
            ]
        },
        "f1d42860-5319-4299-b729-933f632e3977": {
            "complex_adjust0": [
                -0.10533948212533649,
                0.23339530139544384
            ],
            "complex_adjust1": [
                -0.5140433651991746,
                -0.30358032287177966
            ],
            "complex_adjust2": [
                -0.16864835382708887,
                0.45675624202652854
            ],
            "complex_adjust3": [
                -0.5046632515536581,
                0.2937262393869083
            ]
        },
        "c83e43d8-a528-42e0-93f0-8de0d857989f": {
            "complex_adjust0": [
                -0.6734766629993078,
                -0.3295852885558735
            ],
            "complex_adjust1": [
                -0.1250051676420221,
                -0.35473018439625115
            ],
            "complex_adjust2": [
                0.1176107137399804,
                0.062072722753603544
            ],
            "complex_adjust3": [
                0.33812008149180767,
                0.40537937034258426
            ]
        }
    },
    "sets": {
        "a0cf9a13-8ffe-4971-a791-3c595a92de6e": 11,
        "ed31ade7-9b82-4fa0-bdc3-921d66fe0607": 9,
        "83114d4c-4526-4d7d-b420-29634455c549": 10,
        "ac29314f-b8a4-415d-9316-4c06dee5965b": 10
    },
    "mean_distortion_by_round": {
        "1": {
            "0": 0.3436014784659512,
            "1": 0.24949577411497345,
            "2": 0.22072252506443918,
            "3": 0.21287041374149293,
            "4": 0.20801622497848582,
            "5": 0.20801622497848593,
            "6": 0.20801622497848593
        }
    }
}