{
    "instance_id": "f1b3d9e0-5f5f-4aa4-9d54-c54c02898f87",
    "results_dir": "/home/snow/github/land/lloyd-gla/results",
    "num_of_elements": 4,
    "variance_of_samples": 1.0,
    "samples_random_seed": 8688.0,
    "trial_random_seed": 7957.0,
    "initial_alphabet_opt": "random",
    "distortion_measure_opt": "mse",
    "num_of_samples": 40,
    "max_num_of_interactions": 1000,
    "percentage_of_sub_samples": 1,
    "initial_codebook": {
        "bc362bad-9603-413c-bc03-47b3da526ce6": {
            "complex_adjust0": [
                0.15730659626030666,
                0.023083453092040164
            ],
            "complex_adjust1": [
                -0.24661886063354188,
                -0.25569932558339586
            ],
            "complex_adjust2": [
                -0.14191564031559614,
                -0.16105796975136832
            ],
            "complex_adjust3": [
                -0.021681029955598598,
                0.8955272166694882
            ]
        },
        "2527ba3e-3de4-41a2-881e-025d359560e5": {
            "complex_adjust0": [
                -0.12459775637776209,
                -0.3117567052574441
            ],
            "complex_adjust1": [
                -0.35525712806038,
                -0.29903480662031484
            ],
            "complex_adjust2": [
                0.35345774366281646,
                -0.607120115593178
            ],
            "complex_adjust3": [
                0.14903208320084815,
                -0.39486192534634823
            ]
        },
        "23d45da0-55f6-46c0-bad0-627f12f2f541": {
            "complex_adjust0": [
                0.411046808010985,
                -0.22399003172922954
            ],
            "complex_adjust1": [
                0.059417633386242265,
                0.44279589624930743
            ],
            "complex_adjust2": [
                0.6249397866528908,
                0.2897485229329634
            ],
            "complex_adjust3": [
                -0.3155638981616074,
                0.08476915188277959
            ]
        },
        "8c8e6a90-4bf8-47ee-affb-f8a1c184475b": {
            "complex_adjust0": [
                0.21943620650525222,
                -0.46919850433487714
            ],
            "complex_adjust1": [
                -0.6251872426150645,
                0.23314367211322734
            ],
            "complex_adjust2": [
                -0.17182213546703237,
                0.4195846050213934
            ],
            "complex_adjust3": [
                0.15880393854469527,
                0.23599295905749715
            ]
        }
    },
    "lloydcodebook": {
        "33daf22b-87b3-4720-aabd-e4a6cb53b075": {
            "complex_adjust0": [
                -0.7363750315178846,
                -0.20577257999826173
            ],
            "complex_adjust1": [
                0.17974338969706602,
                -0.20147982131542375
            ],
            "complex_adjust2": [
                -0.030210412048235526,
                -0.28080413557498624
            ],
            "complex_adjust3": [
                0.2514554707177353,
                0.446670089030808
            ]
        },
        "c18fb9cf-45ab-4b0b-a0ea-2d0efbe43893": {
            "complex_adjust0": [
                -0.02237947508542688,
                0.5297014581764135
            ],
            "complex_adjust1": [
                -0.30826933491667197,
                0.23811511402618654
            ],
            "complex_adjust2": [
                -0.01180996533879886,
                -0.44014095416655796
            ],
            "complex_adjust3": [
                -0.32611933819706496,
                -0.5166907937644794
            ]
        },
        "8adc379d-9bb7-4e41-af79-2c4e2035f6ff": {
            "complex_adjust0": [
                0.22491758138748658,
                -0.02857978590246135
            ],
            "complex_adjust1": [
                0.11683525438467712,
                0.31633877478588585
            ],
            "complex_adjust2": [
                0.9070089829495832,
                0.10551330676029293
            ],
            "complex_adjust3": [
                0.018058930328046837,
                0.027387995565260517
            ]
        },
        "72ca8e5c-d45c-4160-84bd-85482f874f1f": {
            "complex_adjust0": [
                0.5142746196157355,
                -0.3661720665920638
            ],
            "complex_adjust1": [
                -0.15576245946839273,
                0.24720840893411666
            ],
            "complex_adjust2": [
                -0.4364506943553367,
                0.47115149095904063
            ],
            "complex_adjust3": [
                0.29148315158832433,
                0.13649296078319625
            ]
        }
    },
    "sets": {
        "9a6a488f-1244-4b1b-bb4d-ce0b65d5ac43": 11,
        "2a23b3e7-6d8c-4860-8986-749c6d546783": 9,
        "b6914119-9089-4917-81cc-1a91b1d2a8ac": 9,
        "2d8c5468-6b85-4164-9e87-aa315fd2a92f": 11
    },
    "mean_distortion_by_round": {
        "1": {
            "0": 0.3206589754543455,
            "1": 0.24933054435176236,
            "2": 0.225860402518544,
            "3": 0.2176970821368447,
            "4": 0.2141456350775282,
            "5": 0.2141456350775282
        }
    }
}