{
    "instance_id": "58a09c0e-ebb6-4168-a8df-21941b257538",
    "results_dir": "/home/snow/github/land/lloyd-gla/results",
    "num_of_elements": 4,
    "variance_of_samples": 1.0,
    "samples_random_seed": 8839.0,
    "trial_random_seed": 7553.0,
    "initial_alphabet_opt": "katsavounidis",
    "distortion_measure_opt": "gain",
    "num_of_samples": 40,
    "max_num_of_interactions": 1000,
    "percentage_of_sub_samples": 1,
    "initial_codebook": {
        "4ff4ced9-e2d9-40b1-8876-de9923b65a1f": {
            "complex_adjust0": [
                0.13424274692212457,
                -0.4533708245027752
            ],
            "complex_adjust1": [
                -0.03533058616935466,
                0.2618581274900409
            ],
            "complex_adjust2": [
                -0.5742480345153509,
                0.07614124248786558
            ],
            "complex_adjust3": [
                -0.5111869515947375,
                0.3312785198345275
            ]
        },
        "324b8e40-eab5-4c74-94b5-409de662ea81": {
            "complex_adjust0": [
                0.5925821931925653,
                0.49531283869588666
            ],
            "complex_adjust1": [
                -0.0388928110566559,
                -0.11459867038538361
            ],
            "complex_adjust2": [
                0.44987057421745397,
                0.09997057923325743
            ],
            "complex_adjust3": [
                0.41475513264216013,
                0.06683232613140357
            ]
        },
        "c009aee9-96fe-4c39-aa94-30f1d56ec2c2": {
            "complex_adjust0": [
                -0.3626871592513032,
                -0.23538183244467573
            ],
            "complex_adjust1": [
                0.1507649776031875,
                -0.610747146448328
            ],
            "complex_adjust2": [
                0.13790711172107162,
                -0.25600185688294874
            ],
            "complex_adjust3": [
                -0.5747537980675376,
                0.049132591209051606
            ]
        },
        "91bb18ec-d271-4c88-bb20-7e5481f1d890": {
            "complex_adjust0": [
                -0.6622327490563997,
                0.02877703203218093
            ],
            "complex_adjust1": [
                0.5466727680873107,
                0.08978939926086812
            ],
            "complex_adjust2": [
                -0.029300850448971013,
                -0.15725775554541918
            ],
            "complex_adjust3": [
                -0.16591078991988845,
                -0.4478744078295778
            ]
        }
    },
    "final_lloydcodebook": {
        "cb0582bd-7e5c-4a9c-8141-2f9b1b9cf699": {
            "complex_adjust0": [
                0.5071051182129848,
                -0.22101362667630767
            ],
            "complex_adjust1": [
                -0.2774483619892526,
                0.14103961605021753
            ],
            "complex_adjust2": [
                0.6684053357976488,
                0.01614943754247075
            ],
            "complex_adjust3": [
                -0.1556960035503245,
                0.35476734103101953
            ]
        },
        "25880247-0ab8-4bba-af0b-8c2fb195895d": {
            "complex_adjust0": [
                0.5662384213148185,
                0.20585867884496295
            ],
            "complex_adjust1": [
                -0.2287257022006068,
                0.14373750393943527
            ],
            "complex_adjust2": [
                0.18708994107269736,
                0.11703614448612677
            ],
            "complex_adjust3": [
                0.6786063287616468,
                -0.23412322200731267
            ]
        },
        "47c2b28a-0fdb-4bae-9db0-bbf3f723d218": {
            "complex_adjust0": [
                -0.10707463468865272,
                -0.19977878299011276
            ],
            "complex_adjust1": [
                0.021344603529264313,
                -0.1412250999170956
            ],
            "complex_adjust2": [
                0.332642982844172,
                0.19214380361846348
            ],
            "complex_adjust3": [
                -0.8184168140522261,
                0.3329364244101734
            ]
        },
        "9055d38d-1287-40a3-becd-0a72e9892f77": {
            "complex_adjust0": [
                -0.18214034442448532,
                -0.4298493074308113
            ],
            "complex_adjust1": [
                0.4628981576264108,
                0.2231868787722139
            ],
            "complex_adjust2": [
                -0.4898933491248278,
                -0.05915238954706222
            ],
            "complex_adjust3": [
                -0.4549851520560762,
                0.2597333119698261
            ]
        }
    },
    "egt_lloydcodebook": {
        "56191f35-42f9-463b-ba8f-3b6525c9ca58": {
            "complex_adjust0": [
                0.45835864075057176,
                -0.19976825686101454
            ],
            "complex_adjust1": [
                -0.4457158130675729,
                0.2265776113862807
            ],
            "complex_adjust2": [
                0.49985412364520027,
                0.012077047440863665
            ],
            "complex_adjust3": [
                -0.20093496470695324,
                0.4578483809714909
            ]
        },
        "5338c941-7fff-42ea-8293-df62954f576e": {
            "complex_adjust0": [
                0.46990902465835643,
                0.1708376672301287
            ],
            "complex_adjust1": [
                -0.4233457398276128,
                0.26604207293172855
            ],
            "complex_adjust2": [
                0.4238922661499081,
                0.2651704106764092
            ],
            "complex_adjust3": [
                0.4726605031097625,
                -0.1630706865136288
            ]
        },
        "adf63e7b-c38b-45b9-83e3-76e198c40b00": {
            "complex_adjust0": [
                -0.23619689340418643,
                -0.44069380248218987
            ],
            "complex_adjust1": [
                0.0747208365586609,
                -0.49438527140679855
            ],
            "complex_adjust2": [
                0.4329606790744493,
                0.2500900845203418
            ],
            "complex_adjust3": [
                -0.4631435307864306,
                0.18840931476622538
            ]
        },
        "98e58930-d08c-408e-9b95-742e6e74e8ff": {
            "complex_adjust0": [
                -0.19507525018260116,
                -0.4603755497050159
            ],
            "complex_adjust1": [
                0.4503828796450154,
                0.2171526231079505
            ],
            "complex_adjust2": [
                -0.4963945114973378,
                -0.05993737527886362
            ],
            "complex_adjust3": [
                -0.4342276830444024,
                0.24788368094307867
            ]
        }
    },
    "sets": {
        "2c9cd47b-6b0a-4c0c-8368-8f5071510a2e": 8,
        "8a7ca7f3-62ad-4c8e-8050-209b94b17ed0": 13,
        "1c869ca0-c91e-4fef-a908-d3f1224fdfa1": 10,
        "2bd67796-ce6e-4bd4-9b4a-1f89f8aebaa1": 9
    },
    "mean_distortion_by_round": {
        "1": {
            "0": 0.8467841654740894,
            "1": 0.9247441228754487,
            "2": 0.9280082966468722,
            "3": 0.9376083682001966,
            "4": 0.9331883691548807,
            "5": 0.9304540331634159,
            "6": 0.9333544410195815,
            "7": 0.9407658109328537,
            "8": 0.9283327719747587,
            "9": 0.9252589956935207,
            "10": 0.9304582365357644,
            "11": 0.9369467129293321,
            "12": 0.939861859873848,
            "13": 0.939861859873848
        }
    }
}
