{
    "instance_id": "058e041f-4419-41da-87bd-9a944d794a93",
    "results_dir": "/home/snow/github/land/lloyd-gla/results",
    "num_of_elements": 4,
    "variance_of_samples": 1.0,
    "samples_random_seed": 2045.0,
    "trial_random_seed": 3509.0,
    "initial_alphabet_opt": "random",
    "distortion_measure_opt": "gain",
    "num_of_samples": 100,
    "max_num_of_interactions": 1000,
    "percentage_of_sub_samples": 1,
    "initial_codebook": {
        "c3c10d78-a3be-418f-b993-51644f5d1926": {
            "complex_adjust0": [
                0.33956138260008223,
                -0.20942894494410122
            ],
            "complex_adjust1": [
                -0.7960985796724435,
                -0.36485316668223294
            ],
            "complex_adjust2": [
                0.16695929726663872,
                -0.15671457145826936
            ],
            "complex_adjust3": [
                -0.10267471203948327,
                -0.10473701508194991
            ]
        },
        "5063854d-d52d-4e25-b4a5-9b384ac441ac": {
            "complex_adjust0": [
                -0.3503254712127881,
                0.14005396152154778
            ],
            "complex_adjust1": [
                0.5796120315115966,
                -0.40494792748258374
            ],
            "complex_adjust2": [
                0.4064988265532935,
                0.2651553935211728
            ],
            "complex_adjust3": [
                -0.258621013296044,
                -0.23513934978087747
            ]
        },
        "6c412642-d7b3-44de-9600-bafc4076f299": {
            "complex_adjust0": [
                -0.6244338611483589,
                0.24744022828577583
            ],
            "complex_adjust1": [
                0.20757507462858873,
                0.364731347490735
            ],
            "complex_adjust2": [
                -0.1448147920676828,
                -0.10062546514757036
            ],
            "complex_adjust3": [
                -0.40090673943601557,
                0.42534256436991524
            ]
        },
        "94713104-2b8b-434c-8a62-b0962369f3a3": {
            "complex_adjust0": [
                -0.11007594447766135,
                0.49848527321468483
            ],
            "complex_adjust1": [
                -0.4835953555518461,
                0.02547378941941057
            ],
            "complex_adjust2": [
                -0.36956515318951544,
                0.4575403397386993
            ],
            "complex_adjust3": [
                0.32636391528263575,
                0.22901390097093555
            ]
        }
    },
    "lloydcodebook": {
        "ab54de08-b83c-47d4-b1a3-af22c53562a6": {
            "complex_adjust0": [
                0.4603662601910129,
                -0.19509717188555203
            ],
            "complex_adjust1": [
                -0.312563218471698,
                -0.3902617512114319
            ],
            "complex_adjust2": [
                -0.31157348354904474,
                -0.3910523805695512
            ],
            "complex_adjust3": [
                -0.3527085786041039,
                -0.3543961887197331
            ]
        },
        "fb072ee4-a1d1-4126-8680-f0993ca45a41": {
            "complex_adjust0": [
                0.4295432780478538,
                0.2559151661857971
            ],
            "complex_adjust1": [
                0.425779700632078,
                0.2621290646411764
            ],
            "complex_adjust2": [
                0.45064431443671993,
                0.21660956088284442
            ],
            "complex_adjust3": [
                0.3408977833872853,
                -0.3657713784341737
            ]
        },
        "b54eb260-11f3-4874-958e-1cfe8c2ddb9f": {
            "complex_adjust0": [
                -0.3628448109830443,
                -0.3440111090396339
            ],
            "complex_adjust1": [
                0.4789872427531109,
                0.14342671048229622
            ],
            "complex_adjust2": [
                -0.2003233587811531,
                -0.4581163082958709
            ],
            "complex_adjust3": [
                -0.21200471907648863,
                0.45282888499884716
            ]
        },
        "c8fcc302-7199-4378-910b-5959dc07a2be": {
            "complex_adjust0": [
                -0.24674248604307414,
                0.43487716148503747
            ],
            "complex_adjust1": [
                -0.29020871805547444,
                0.4071595509927259
            ],
            "complex_adjust2": [
                -0.4606034880029341,
                0.1945364409038341
            ],
            "complex_adjust3": [
                0.4186629455091151,
                0.2733520405221657
            ]
        }
    },
    "sets": {
        "f53a7c13-31e8-4f90-af3d-a32de141593c": 31,
        "cf2d7cda-d16e-4cab-a4f4-1250754c306a": 20,
        "63a55035-c476-4ff7-8917-2e6f923fea80": 29,
        "47b28197-d3d4-42dc-a946-826945629f18": 20
    },
    "mean_distortion_by_round": {
        "1": {
            "0": 0.8019225295609478,
            "1": 0.8714743884370022,
            "2": 0.8790681986840151,
            "3": 0.8865899186963135,
            "4": 0.8862773518532012,
            "5": 0.8946384120450476,
            "6": 0.8969438513479904,
            "7": 0.901209230648363,
            "8": 0.9055736980668155,
            "9": 0.9035398534801194,
            "10": 0.9054912308866919,
            "11": 0.9023387679650121,
            "12": 0.9050703392810433,
            "13": 0.9053671683207284,
            "14": 0.9030298247874333,
            "15": 0.905398324930951,
            "16": 0.8965990987599293,
            "17": 0.8974829050558584,
            "18": 0.8987920947764558,
            "19": 0.8987920947764558
        }
    }
}