{
    "instance_id": "4fb4929b-c3d2-4ecb-a2cf-2bd6f94393c7",
    "results_dir": "/home/snow/github/land/lloyd-gla/results",
    "num_of_elements": 4,
    "variance_of_samples": 1.0,
    "samples_random_seed": 4514.0,
    "trial_random_seed": 5340.0,
    "initial_alphabet_opt": "random",
    "distortion_measure_opt": "gain",
    "num_of_samples": 40,
    "max_num_of_interactions": 1000,
    "percentage_of_sub_samples": 1,
    "initial_codebook": {
        "75136c99-cc27-4970-8d30-28793d2ef3e6": {
            "complex_adjust0": [
                0.7344605983977757,
                0.403367170323139
            ],
            "complex_adjust1": [
                0.11064995224236057,
                -0.28761893228491625
            ],
            "complex_adjust2": [
                0.08486301542592585,
                0.4290750042130174
            ],
            "complex_adjust3": [
                -0.0376643578444151,
                -0.1008404615584387
            ]
        },
        "76b88ec7-8cb8-4b47-81e9-faa1d7bc9fb3": {
            "complex_adjust0": [
                -0.02724310805667498,
                -0.2772662971124857
            ],
            "complex_adjust1": [
                -0.2858231096038089,
                0.36097594401369437
            ],
            "complex_adjust2": [
                -0.63477724370494,
                -0.15049289240590571
            ],
            "complex_adjust3": [
                -0.5176311723347657,
                -0.12980924869120128
            ]
        },
        "22f06440-c1fe-4b0a-856a-8a990d6bfd47": {
            "complex_adjust0": [
                -0.35137041385250134,
                -0.2663957364382633
            ],
            "complex_adjust1": [
                0.33743217381198043,
                -0.21834661708272454
            ],
            "complex_adjust2": [
                0.7492618895210232,
                0.07560039765917496
            ],
            "complex_adjust3": [
                0.27726040984786576,
                -0.0073683565225017384
            ]
        },
        "720e5838-dcc0-458f-bf16-df8c6c7ef091": {
            "complex_adjust0": [
                0.02136728947722152,
                -0.05841920360589037
            ],
            "complex_adjust1": [
                -0.35664680274515476,
                0.26857580342912357
            ],
            "complex_adjust2": [
                0.3162447020802418,
                -0.11486498130430321
            ],
            "complex_adjust3": [
                0.6694233216361153,
                0.4852509375779926
            ]
        }
    },
    "lloydcodebook": {
        "a8c149a5-2df4-4b2f-930a-d614b38bf699": {
            "complex_adjust0": [
                0.2731074476220486,
                0.4188225424369729
            ],
            "complex_adjust1": [
                -0.0935862013746409,
                -0.4911635398848994
            ],
            "complex_adjust2": [
                -0.012156854178128451,
                0.49985218904841433
            ],
            "complex_adjust3": [
                0.30615165117013293,
                0.39531148033645724
            ]
        },
        "af0d1f13-655f-44c7-a651-170f1ec2154a": {
            "complex_adjust0": [
                -0.498160801780797,
                -0.04284641839306375
            ],
            "complex_adjust1": [
                -0.3013463892711341,
                -0.39898665851535703
            ],
            "complex_adjust2": [
                -0.4896506029322842,
                0.10120418493348261
            ],
            "complex_adjust3": [
                -0.13567313594060929,
                -0.4812408962089994
            ]
        },
        "493f4878-c655-4744-8065-5b4ab22f67af": {
            "complex_adjust0": [
                -0.2837617748922703,
                0.41167858228232923
            ],
            "complex_adjust1": [
                0.051410692981152493,
                0.4973499177110595
            ],
            "complex_adjust2": [
                0.35571680430080843,
                -0.3513766570761643
            ],
            "complex_adjust3": [
                -0.007780148531406431,
                0.4999394656244186
            ]
        },
        "0fe8ba04-6846-45de-825c-c0940c662394": {
            "complex_adjust0": [
                0.489433382716031,
                -0.10224951776484394
            ],
            "complex_adjust1": [
                0.24342745300500068,
                0.4367414282198315
            ],
            "complex_adjust2": [
                0.01349690030225243,
                -0.499817800485568
            ],
            "complex_adjust3": [
                -0.2427611910412566,
                -0.4371121184824673
            ]
        }
    },
    "sets": {
        "e5a2c325-d1dd-421d-8639-758793574a73": 11,
        "4e889538-7f06-4a6b-bba4-29cb2b67ff84": 13,
        "73f03dbd-942f-4d1a-bd4b-9e599a2f64aa": 8,
        "de7ca013-937e-4b41-b0b3-0de11787e3f6": 8
    },
    "mean_distortion_by_round": {
        "1": {
            "0": 0.7799415480233025,
            "1": 0.8663827266369163,
            "2": 0.8673494030638181,
            "3": 0.8789032822441826,
            "4": 0.8843181127268854,
            "5": 0.8855124659995965,
            "6": 0.8871004932225566,
            "7": 0.8871004932225566
        }
    }
}