{
    "instance_id": "177ba46d-d10c-490e-bc50-d7f2975bdc4e",
    "results_dir": "/home/snow/github/land/lloyd-gla/results",
    "num_of_elements": 4,
    "variance_of_samples": 1.0,
    "samples_random_seed": 2306.0,
    "trial_random_seed": 2926.0,
    "initial_alphabet_opt": "random",
    "distortion_measure_opt": "gain",
    "num_of_samples": 40,
    "max_num_of_interactions": 1000,
    "percentage_of_sub_samples": 1,
    "initial_codebook": {
        "aa34824a-e2cd-452b-8247-b830afe7dabf": {
            "complex_adjust0": [
                -0.2201654486293798,
                0.42861521172980005
            ],
            "complex_adjust1": [
                0.36065798700563056,
                -0.030988264665808455
            ],
            "complex_adjust2": [
                0.27384869848890964,
                -0.685901920327732
            ],
            "complex_adjust3": [
                0.30078491609194824,
                -0.029250634931748464
            ]
        },
        "a458dc1a-8bae-4fb5-a57c-1699ee620ad2": {
            "complex_adjust0": [
                -0.3133270843794972,
                0.5886684050385795
            ],
            "complex_adjust1": [
                -0.002390253006792722,
                0.3299765996147234
            ],
            "complex_adjust2": [
                0.21405837053782473,
                0.14370878307973295
            ],
            "complex_adjust3": [
                -0.044124051246119914,
                0.6148050465561499
            ]
        },
        "8ba238f9-9a81-4b81-9352-ac157da518f5": {
            "complex_adjust0": [
                0.1362865329446532,
                -0.09304646477629797
            ],
            "complex_adjust1": [
                0.5701348836867419,
                -0.3258700980281885
            ],
            "complex_adjust2": [
                0.3421604779982358,
                0.15672407715645978
            ],
            "complex_adjust3": [
                -0.49545348394737776,
                0.3929540000115071
            ]
        },
        "e76ef000-8dfc-40df-bad2-c1d276d4c030": {
            "complex_adjust0": [
                0.07410843310640593,
                -0.6446121574590017
            ],
            "complex_adjust1": [
                0.4129489937159794,
                0.5633386552672114
            ],
            "complex_adjust2": [
                -0.1785383768710156,
                0.10235976760176278
            ],
            "complex_adjust3": [
                -0.21987628604914844,
                0.02016778280485621
            ]
        }
    },
    "lloydcodebook": {
        "0b2f1855-fd21-41f3-a8e1-c84a59986d7c": {
            "complex_adjust0": [
                -0.23905514806639958,
                0.4391499017225801
            ],
            "complex_adjust1": [
                -0.10522202703700208,
                -0.4888029511226629
            ],
            "complex_adjust2": [
                -0.22931828271451113,
                -0.4443119683430411
            ],
            "complex_adjust3": [
                -0.16500127885376725,
                -0.4719900189374997
            ]
        },
        "41be4778-fbaa-4d76-a9e3-b54259e94a2c": {
            "complex_adjust0": [
                0.37377880968255217,
                0.3320984815266316
            ],
            "complex_adjust1": [
                0.11482438694653825,
                0.48663678463752785
            ],
            "complex_adjust2": [
                0.007406393531294337,
                0.49994514232549514
            ],
            "complex_adjust3": [
                0.009014515904928196,
                0.49991873189849545
            ]
        },
        "a976fa76-3dab-4faf-9fdd-571c8fd96250": {
            "complex_adjust0": [
                -0.27035339386721596,
                -0.42060556632607465
            ],
            "complex_adjust1": [
                0.05850137016068555,
                -0.49656579593174
            ],
            "complex_adjust2": [
                -0.3061047216322187,
                0.3953478207786934
            ],
            "complex_adjust3": [
                -0.32861281621165306,
                0.37684694110665984
            ]
        },
        "91e0522b-1a9a-4718-aace-93f58b49f0a6": {
            "complex_adjust0": [
                0.09187015532107137,
                -0.4914874103792306
            ],
            "complex_adjust1": [
                0.1693689179700747,
                0.47044039965296996
            ],
            "complex_adjust2": [
                0.4907554995456995,
                0.09570287177326987
            ],
            "complex_adjust3": [
                -0.3613407252598951,
                -0.34559062526152673
            ]
        }
    },
    "sets": {
        "f4568a68-ba75-436c-a953-90a21b2ec065": 6,
        "653fd849-a0d5-453a-87ea-26820c374619": 11,
        "72aa8121-dcff-49ce-8463-afc9bb64d0f6": 12,
        "6bd2d7a4-ef41-493d-a30c-c241c130454d": 11
    },
    "mean_distortion_by_round": {
        "1": {
            "0": 0.7581612877083495,
            "1": 0.8736828748510114,
            "2": 0.9102110563775412,
            "3": 0.9506363012624446,
            "4": 0.9407484291727481,
            "5": 0.9281290572938078,
            "6": 0.9347040559297571,
            "7": 0.9347040559297571
        }
    }
}