{
    "instance_id": "130cf376-f112-4e4e-9655-57eb159da4ee",
    "num_of_elements": 4,
    "variance_of_samples": 0.1,
    "use_same_samples_for_all": true,
    "initial_alphabet_opt": "random_from_samples",
    "distortion_measure_opt": "mse",
    "num_of_samples": 8000,
    "num_of_interactions": 20,
    "random_seed": 29826,
    "dftcodebook": {
        "46e28bb7-70ad-4469-a15c-f1aa327fb5ab": {
            "complex_adjust0": [
                1.0,
                0.0
            ],
            "complex_adjust1": [
                1.0,
                0.0
            ],
            "complex_adjust2": [
                1.0,
                0.0
            ],
            "complex_adjust3": [
                1.0,
                0.0
            ]
        },
        "95d686f7-d3d5-409e-add6-f924b9c24c6e": {
            "complex_adjust0": [
                1.0,
                0.0
            ],
            "complex_adjust1": [
                6.123233995736766e-17,
                1.0
            ],
            "complex_adjust2": [
                -1.0,
                1.2246467991473532e-16
            ],
            "complex_adjust3": [
                -1.8369701987210297e-16,
                -1.0
            ]
        },
        "2c793590-f419-4648-92c5-465b80b7e88b": {
            "complex_adjust0": [
                1.0,
                0.0
            ],
            "complex_adjust1": [
                -1.0,
                1.2246467991473532e-16
            ],
            "complex_adjust2": [
                1.0,
                -2.4492935982947064e-16
            ],
            "complex_adjust3": [
                -1.0,
                3.6739403974420594e-16
            ]
        },
        "402c7d21-0f69-4193-8c52-eb101b17abd0": {
            "complex_adjust0": [
                1.0,
                0.0
            ],
            "complex_adjust1": [
                -1.8369701987210297e-16,
                -1.0
            ],
            "complex_adjust2": [
                -1.0,
                3.6739403974420594e-16
            ],
            "complex_adjust3": [
                5.51091059616309e-16,
                1.0
            ]
        }
    },
    "num_of_levels": 4,
    "lloydcodebook": {
        "39f809a5-9677-496b-bc9b-48d1ac63b056": {
            "complex_adjust0": [
                0.40882751481254825,
                -0.11388456256323796
            ],
            "complex_adjust1": [
                0.09393984769326394,
                0.38051175573038004
            ],
            "complex_adjust2": [
                -0.4700372349337781,
                0.07504106496411865
            ],
            "complex_adjust3": [
                -0.08290288003638897,
                -0.657903812980938
            ]
        },
        "30e990af-9c3c-46f9-b226-dbd308d531a9": {
            "complex_adjust0": [
                0.5721687714146285,
                0.044892697335610326
            ],
            "complex_adjust1": [
                0.34892538220750197,
                -0.0857868677349043
            ],
            "complex_adjust2": [
                0.5837349274164534,
                0.005652352789941404
            ],
            "complex_adjust3": [
                0.4376405771314047,
                0.09587254241714784
            ]
        },
        "d7624791-a2e4-4e44-b808-8a615ab7ba19": {
            "complex_adjust0": [
                0.5406411422282758,
                0.05754609314654638
            ],
            "complex_adjust1": [
                0.019632630631565305,
                0.5006976153384843
            ],
            "complex_adjust2": [
                -0.39400534977897894,
                -0.06658902427912251
            ],
            "complex_adjust3": [
                0.09955445814217996,
                -0.5326599819374737
            ]
        },
        "7fdf37ac-08ec-40be-bfc2-f389879ad557": {
            "complex_adjust0": [
                0.4265606629843246,
                0.041756004485968265
            ],
            "complex_adjust1": [
                -0.16103017228263228,
                0.1374162933149304
            ],
            "complex_adjust2": [
                0.4985499980278564,
                -0.05967482058006606
            ],
            "complex_adjust3": [
                -0.7201432186828277,
                -0.027731618601347634
            ]
        }
    },
    "sets": {
        "7ef29905-9b2d-479c-9f16-4537a4dec2c8": 721,
        "0f8bde89-cbd0-4269-a509-77952de13387": 3503,
        "4300a9dd-2e9b-416e-898e-9508c7ef3099": 1658,
        "6c7dd6af-b622-4d93-a818-d6a7d1bf3e00": 2118
    },
    "mean_distortion_by_round": {
        "1": {
            "0": 0.5751509273894405,
            "1": 0.5751509273894405,
            "2": 0.5751509273894405,
            "3": 0.5751509273894405,
            "4": 0.5751509273894405,
            "5": 0.5751509273894405,
            "6": 0.5751509273894405,
            "7": 0.5751509273894405,
            "8": 0.5751509273894405,
            "9": 0.5751509273894405,
            "10": 0.5751509273894405,
            "11": 0.5751509273894405,
            "12": 0.5751509273894405,
            "13": 0.5751509273894405,
            "14": 0.5751509273894405,
            "15": 0.5751509273894405,
            "16": 0.5751509273894405,
            "17": 0.5751509273894405,
            "18": 0.5751509273894405,
            "19": 0.5751509273894405
        }
    }
}