{
    "instance_id": "147497fa-8121-4b37-8247-397026cc51c9",
    "num_of_elements": 4,
    "variance_of_samples": 0.1,
    "use_same_samples_for_all": false,
    "initial_alphabet_opt": "random_from_samples",
    "distortion_measure_opt": "mse",
    "num_of_samples": 80,
    "num_of_interactions": 2,
    "random_seed": 70861,
    "dftcodebook": {
        "096e1b3e-5244-4a09-89cf-8c10058a1367": {
            "complex_adjust0": [
                1.0,
                0.0
            ],
            "complex_adjust1": [
                1.0,
                0.0
            ],
            "complex_adjust2": [
                1.0,
                0.0
            ],
            "complex_adjust3": [
                1.0,
                0.0
            ]
        },
        "be098e37-e85c-4d42-ae75-84d7b946bdb5": {
            "complex_adjust0": [
                1.0,
                0.0
            ],
            "complex_adjust1": [
                6.123233995736766e-17,
                1.0
            ],
            "complex_adjust2": [
                -1.0,
                1.2246467991473532e-16
            ],
            "complex_adjust3": [
                -1.8369701987210297e-16,
                -1.0
            ]
        },
        "230ff5d7-201e-459c-8a08-0980ae86e705": {
            "complex_adjust0": [
                1.0,
                0.0
            ],
            "complex_adjust1": [
                -1.0,
                1.2246467991473532e-16
            ],
            "complex_adjust2": [
                1.0,
                -2.4492935982947064e-16
            ],
            "complex_adjust3": [
                -1.0,
                3.6739403974420594e-16
            ]
        },
        "f595d55c-fdf8-46a1-b624-d98cb095acec": {
            "complex_adjust0": [
                1.0,
                0.0
            ],
            "complex_adjust1": [
                -1.8369701987210297e-16,
                -1.0
            ],
            "complex_adjust2": [
                -1.0,
                3.6739403974420594e-16
            ],
            "complex_adjust3": [
                5.51091059616309e-16,
                1.0
            ]
        }
    },
    "num_of_levels": 4,
    "lloydcodebook": {
        "a6abd167-5631-4b9f-bde4-d87fdb5e095a": {
            "complex_adjust0": [
                0.5112072569643916,
                -0.13511860475501947
            ],
            "complex_adjust1": [
                -0.47436047438610035,
                0.06466333703554863
            ],
            "complex_adjust2": [
                0.3995664664918826,
                -0.09005718190508905
            ],
            "complex_adjust3": [
                -0.5195604750246544,
                0.23130964505242876
            ]
        },
        "8c97f610-17fb-4963-91f8-b7d7be67b36e": {
            "complex_adjust0": [
                0.4773169951895776,
                -0.14262544289479484
            ],
            "complex_adjust1": [
                -0.023401449938266025,
                0.6255399895686574
            ],
            "complex_adjust2": [
                -0.43989676147466183,
                -0.11714033447925513
            ],
            "complex_adjust3": [
                0.05989700182285383,
                -0.386212238527358
            ]
        },
        "92909f83-b368-4a15-b762-58eeaaa3155f": {
            "complex_adjust0": [
                0.5112072569643916,
                -0.13511860475501947
            ],
            "complex_adjust1": [
                -0.47436047438610035,
                0.06466333703554863
            ],
            "complex_adjust2": [
                0.3995664664918826,
                -0.09005718190508905
            ],
            "complex_adjust3": [
                -0.5195604750246544,
                0.23130964505242876
            ]
        },
        "965f964c-aed9-4ae6-bdfc-8d8ba7b71751": {
            "complex_adjust0": [
                0.42600403675682724,
                -0.07991483419415987
            ],
            "complex_adjust1": [
                0.577652807404032,
                0.11344918339614041
            ],
            "complex_adjust2": [
                0.4934537066071595,
                0.05611297788905934
            ],
            "complex_adjust3": [
                0.4661152719428514,
                0.04089038074310247
            ]
        }
    },
    "sets": {
        "1e19571f-758b-447a-a484-2c4fd0bf574e": 39,
        "f725e79b-ef17-4053-89df-5e347a8a1690": 21,
        "bd580946-70c4-47a2-9bfd-eb7470c72505": 0,
        "5a97ee52-b70a-47a0-8745-67487fd8ad98": 20
    },
    "mean_distortion_by_round": {
        "1": {
            "0": 0.5412328206211294,
            "1": 0.5412328206211294
        }
    }
}