{
    "instance_id": "16c7bcc6-d61c-443f-a318-c13106045f3d",
    "num_of_elements": 4,
    "variance_of_samples": 0.1,
    "use_same_samples_for_all": true,
    "initial_alphabet_opt": "random_from_samples",
    "distortion_measure_opt": "mse",
    "num_of_samples": 8000,
    "num_of_interactions": 20,
    "random_seed": 29826,
    "dftcodebook": {
        "177c4754-62d1-4854-80ba-26e37bd82682": {
            "complex_adjust0": [
                1.0,
                0.0
            ],
            "complex_adjust1": [
                1.0,
                0.0
            ],
            "complex_adjust2": [
                1.0,
                0.0
            ],
            "complex_adjust3": [
                1.0,
                0.0
            ]
        },
        "4e40a0ba-36e9-4296-803d-262fe7a5d73d": {
            "complex_adjust0": [
                1.0,
                0.0
            ],
            "complex_adjust1": [
                6.123233995736766e-17,
                1.0
            ],
            "complex_adjust2": [
                -1.0,
                1.2246467991473532e-16
            ],
            "complex_adjust3": [
                -1.8369701987210297e-16,
                -1.0
            ]
        },
        "ccd533a7-8f7a-4e2c-b301-0f6d3aca7a65": {
            "complex_adjust0": [
                1.0,
                0.0
            ],
            "complex_adjust1": [
                -1.0,
                1.2246467991473532e-16
            ],
            "complex_adjust2": [
                1.0,
                -2.4492935982947064e-16
            ],
            "complex_adjust3": [
                -1.0,
                3.6739403974420594e-16
            ]
        },
        "7513f5a9-8e44-4ce1-b703-edf4107aeb41": {
            "complex_adjust0": [
                1.0,
                0.0
            ],
            "complex_adjust1": [
                -1.8369701987210297e-16,
                -1.0
            ],
            "complex_adjust2": [
                -1.0,
                3.6739403974420594e-16
            ],
            "complex_adjust3": [
                5.51091059616309e-16,
                1.0
            ]
        }
    },
    "num_of_levels": 4,
    "lloydcodebook": {
        "1705891c-a2b8-42b2-a799-d37e473e345a": {
            "complex_adjust0": [
                0.40882751481254825,
                -0.11388456256323796
            ],
            "complex_adjust1": [
                0.09393984769326394,
                0.38051175573038004
            ],
            "complex_adjust2": [
                -0.4700372349337781,
                0.07504106496411865
            ],
            "complex_adjust3": [
                -0.08290288003638897,
                -0.657903812980938
            ]
        },
        "f837848d-a906-4768-9acf-752f41b6f4ed": {
            "complex_adjust0": [
                0.5721687714146285,
                0.044892697335610326
            ],
            "complex_adjust1": [
                0.34892538220750197,
                -0.0857868677349043
            ],
            "complex_adjust2": [
                0.5837349274164534,
                0.005652352789941404
            ],
            "complex_adjust3": [
                0.4376405771314047,
                0.09587254241714784
            ]
        },
        "2bd6219e-fd67-4e42-b20c-f77f9aa14b13": {
            "complex_adjust0": [
                0.5406411422282758,
                0.05754609314654638
            ],
            "complex_adjust1": [
                0.019632630631565305,
                0.5006976153384843
            ],
            "complex_adjust2": [
                -0.39400534977897894,
                -0.06658902427912251
            ],
            "complex_adjust3": [
                0.09955445814217996,
                -0.5326599819374737
            ]
        },
        "01c3129d-c4c4-4a8b-9a75-933a0e5c628d": {
            "complex_adjust0": [
                0.4265606629843246,
                0.041756004485968265
            ],
            "complex_adjust1": [
                -0.16103017228263228,
                0.1374162933149304
            ],
            "complex_adjust2": [
                0.4985499980278564,
                -0.05967482058006606
            ],
            "complex_adjust3": [
                -0.7201432186828277,
                -0.027731618601347634
            ]
        }
    },
    "sets": {
        "4d37b78c-130d-42e2-88a9-6f7baa72973f": 721,
        "c4540a8f-eb96-4f34-ad39-f4f9d04fb842": 3503,
        "348fa448-a5d7-4e56-9fad-b473b242c30a": 1658,
        "5d763bd1-fae0-4684-86a3-efa63cb9cbaf": 2118
    },
    "mean_distortion_by_round": {
        "1": {
            "0": 0.5751509273894405,
            "1": 0.5751509273894405,
            "2": 0.5751509273894405,
            "3": 0.5751509273894405,
            "4": 0.5751509273894405,
            "5": 0.5751509273894405,
            "6": 0.5751509273894405,
            "7": 0.5751509273894405,
            "8": 0.5751509273894405,
            "9": 0.5751509273894405,
            "10": 0.5751509273894405,
            "11": 0.5751509273894405,
            "12": 0.5751509273894405,
            "13": 0.5751509273894405,
            "14": 0.5751509273894405,
            "15": 0.5751509273894405,
            "16": 0.5751509273894405,
            "17": 0.5751509273894405,
            "18": 0.5751509273894405,
            "19": 0.5751509273894405
        }
    }
}