{
    "instance_id": "1fd10da7-5c8e-4a23-8711-e562fbfc1a54",
    "num_of_elements": 4,
    "variance_of_samples": 0.1,
    "use_same_samples_for_all": true,
    "initial_alphabet_opt": "unitary_until_num_of_elements",
    "distortion_measure_opt": "mse",
    "num_of_samples": 8000,
    "num_of_interactions": 20,
    "random_seed": 86063,
    "dftcodebook": {
        "3b902149-d9c6-4869-a4b2-d4fc26ea7408": {
            "complex_adjust0": [
                1.0,
                0.0
            ],
            "complex_adjust1": [
                1.0,
                0.0
            ],
            "complex_adjust2": [
                1.0,
                0.0
            ],
            "complex_adjust3": [
                1.0,
                0.0
            ]
        },
        "616f33fd-0afc-44fb-81b1-03a34a939879": {
            "complex_adjust0": [
                1.0,
                0.0
            ],
            "complex_adjust1": [
                6.123233995736766e-17,
                1.0
            ],
            "complex_adjust2": [
                -1.0,
                1.2246467991473532e-16
            ],
            "complex_adjust3": [
                -1.8369701987210297e-16,
                -1.0
            ]
        },
        "430c7263-3512-4c3c-9570-a7c3d7dc2891": {
            "complex_adjust0": [
                1.0,
                0.0
            ],
            "complex_adjust1": [
                -1.0,
                1.2246467991473532e-16
            ],
            "complex_adjust2": [
                1.0,
                -2.4492935982947064e-16
            ],
            "complex_adjust3": [
                -1.0,
                3.6739403974420594e-16
            ]
        },
        "749b2f10-b5b3-467b-b35e-6aa490ee5cd5": {
            "complex_adjust0": [
                1.0,
                0.0
            ],
            "complex_adjust1": [
                -1.8369701987210297e-16,
                -1.0
            ],
            "complex_adjust2": [
                -1.0,
                3.6739403974420594e-16
            ],
            "complex_adjust3": [
                5.51091059616309e-16,
                1.0
            ]
        }
    },
    "num_of_levels": 4,
    "lloydcodebook": {
        "e61f5078-c674-4158-a44d-aec80a87f245": {
            "complex_adjust0": [
                0.8089040062199295,
                -0.004753404553287505
            ],
            "complex_adjust1": [
                0.1706547392488621,
                -0.43988165936652257
            ],
            "complex_adjust2": [
                -0.1756215201236925,
                0.15442360381645567
            ],
            "complex_adjust3": [
                0.8480292857882523,
                0.4735902299988678
            ]
        },
        "431de95a-e81a-4463-bba1-76959c628cc5": {
            "complex_adjust0": [
                0.6816721421756262,
                0.0030560401117384014
            ],
            "complex_adjust1": [
                0.5045107820472152,
                -0.18881788302600122
            ],
            "complex_adjust2": [
                0.05423932490260135,
                -0.13177613598896323
            ],
            "complex_adjust3": [
                -0.13878304496193938,
                0.16577781252023124
            ]
        },
        "af2c8e52-72e2-4fe8-9729-74110f7b2c0c": {
            "complex_adjust0": [
                0.7799197958401539,
                -0.004514797069795836
            ],
            "complex_adjust1": [
                -0.5063862823800469,
                0.20752455680003012
            ],
            "complex_adjust2": [
                -0.04662528114379716,
                0.13902590675809381
            ],
            "complex_adjust3": [
                0.11250556822436025,
                -0.1792340643902349
            ]
        },
        "58ea152a-a5fc-4e0c-a82f-ad06938aa499": {
            "complex_adjust0": [
                0.6526879317958506,
                0.0032946475952300713
            ],
            "complex_adjust1": [
                -0.17253023958169372,
                0.4585883331405515
            ],
            "complex_adjust2": [
                0.1832355638824967,
                -0.1471738330473251
            ],
            "complex_adjust3": [
                -0.8743067625258314,
                -0.48704648186887145
            ]
        }
    },
    "sets": {
        "161c43df-260b-4de0-976e-33fec7635b2b": 483,
        "39689c05-4bd0-4c81-8131-aa529997ef1f": 3519,
        "ce5bf1eb-a4e9-4fc0-aa7f-d98b581d7560": 2992,
        "c88e476d-eaa1-44b8-8d41-e348783b04b1": 1006
    },
    "mean_distortion_by_round": {
        "1": {
            "0": 0.8235548425414451,
            "1": 0.8235548425414451,
            "2": 0.8235548425414451,
            "3": 0.8235548425414451,
            "4": 0.8235548425414451,
            "5": 0.8235548425414451,
            "6": 0.8235548425414451,
            "7": 0.8235548425414451,
            "8": 0.8235548425414451,
            "9": 0.8235548425414451,
            "10": 0.8235548425414451,
            "11": 0.8235548425414451,
            "12": 0.8235548425414451,
            "13": 0.8235548425414451,
            "14": 0.8235548425414451,
            "15": 0.8235548425414451,
            "16": 0.8235548425414451,
            "17": 0.8235548425414451,
            "18": 0.8235548425414451,
            "19": 0.8235548425414451
        },
        "2": {
            "0": 0.8094406832657253,
            "1": 0.8094406832657253,
            "2": 0.8094406832657253,
            "3": 0.8094406832657253,
            "4": 0.8094406832657253,
            "5": 0.8094406832657253,
            "6": 0.8094406832657253,
            "7": 0.8094406832657253,
            "8": 0.8094406832657253,
            "9": 0.8094406832657253,
            "10": 0.8094406832657253,
            "11": 0.8094406832657253,
            "12": 0.8094406832657253,
            "13": 0.8094406832657253,
            "14": 0.8094406832657253,
            "15": 0.8094406832657253,
            "16": 0.8094406832657253,
            "17": 0.8094406832657253,
            "18": 0.8094406832657253,
            "19": 0.8094406832657253
        }
    }
}