{
    "instance_id": "20d67c98-f427-43f4-bf96-67954c71053b",
    "num_of_elements": 4,
    "variance_of_samples": 0.01,
    "use_same_samples_for_all": false,
    "initial_alphabet_opt": "random_from_samples",
    "distortion_measure_opt": "mse",
    "num_of_samples": 80,
    "num_of_interactions": 2,
    "random_seed": 340956,
    "dftcodebook": {
        "8e0f240f-5f2d-4ad0-a985-2765b774cf7b": {
            "complex_adjust0": [
                1.0,
                0.0
            ],
            "complex_adjust1": [
                1.0,
                0.0
            ],
            "complex_adjust2": [
                1.0,
                0.0
            ],
            "complex_adjust3": [
                1.0,
                0.0
            ]
        },
        "3b9949a4-94be-45db-9f78-2b10e2cc23be": {
            "complex_adjust0": [
                1.0,
                0.0
            ],
            "complex_adjust1": [
                6.123233995736766e-17,
                1.0
            ],
            "complex_adjust2": [
                -1.0,
                1.2246467991473532e-16
            ],
            "complex_adjust3": [
                -1.8369701987210297e-16,
                -1.0
            ]
        },
        "e6faae9c-458d-47ca-8060-1695f264b4cb": {
            "complex_adjust0": [
                1.0,
                0.0
            ],
            "complex_adjust1": [
                -1.0,
                1.2246467991473532e-16
            ],
            "complex_adjust2": [
                1.0,
                -2.4492935982947064e-16
            ],
            "complex_adjust3": [
                -1.0,
                3.6739403974420594e-16
            ]
        },
        "4691c2b1-bea0-4f48-afc5-38f68319043b": {
            "complex_adjust0": [
                1.0,
                0.0
            ],
            "complex_adjust1": [
                -1.8369701987210297e-16,
                -1.0
            ],
            "complex_adjust2": [
                -1.0,
                3.6739403974420594e-16
            ],
            "complex_adjust3": [
                5.51091059616309e-16,
                1.0
            ]
        }
    },
    "num_of_levels": 4,
    "lloydcodebook": {
        "dae8f21a-1349-469c-8d4f-9ce96f5938df": {
            "complex_adjust0": [
                0.5171730404129701,
                -0.009104745695332192
            ],
            "complex_adjust1": [
                -0.005207542084347304,
                -0.5009697465476458
            ],
            "complex_adjust2": [
                -0.44343203329141934,
                0.012330168210987218
            ],
            "complex_adjust3": [
                0.009771618432349952,
                0.533452770825491
            ]
        },
        "a7af6c64-fa51-412e-ad3b-d7ed6303b405": {
            "complex_adjust0": [
                0.5218077039981174,
                0.10785484076803016
            ],
            "complex_adjust1": [
                0.4612021864020712,
                0.04255233014040186
            ],
            "complex_adjust2": [
                0.5217905209727453,
                -0.03500643443237433
            ],
            "complex_adjust3": [
                0.47753296327828054,
                0.0061128211714774104
            ]
        },
        "f5c9dda4-3acd-4697-a2f5-7118556ea49f": {
            "complex_adjust0": [
                0.49745154466486924,
                0.02088265108236917
            ],
            "complex_adjust1": [
                0.5323948276279084,
                -0.030956507696927208
            ],
            "complex_adjust2": [
                0.4540968251369743,
                0.03737866256184533
            ],
            "complex_adjust3": [
                0.5035188107034546,
                0.08106191457123145
            ]
        },
        "bcccd5ee-c3c8-4d8d-a880-a48793b83562": {
            "complex_adjust0": [
                0.47309545435107786,
                -0.08166462042222807
            ],
            "complex_adjust1": [
                0.034619587469908904,
                0.5059498809680157
            ],
            "complex_adjust2": [
                -0.4959392273373384,
                0.0051003364725455535
            ],
            "complex_adjust3": [
                0.01803325719226544,
                -0.515772094966811
            ]
        }
    },
    "sets": {
        "868ce413-7b4b-4679-85cc-de432e68ab62": 30,
        "a3f8621e-d2cd-4f60-ab17-e513daffe33d": 22,
        "4b28af49-820e-421f-bd5d-4420671f06aa": 8,
        "6d41c408-21ff-456c-89c6-57601c299392": 20
    },
    "mean_distortion_by_round": {
        "1": {
            "0": 0.47735165806503516,
            "1": 0.47735165806503516
        }
    }
}