{
    "instance_id": "2eb74750-ea8d-4912-bfd5-114900874825",
    "num_of_elements": 4,
    "variance_of_samples": 0.01,
    "use_same_samples_for_all": false,
    "initial_alphabet_opt": "unitary_until_num_of_elements",
    "distortion_measure_opt": "mse",
    "num_of_samples": 80,
    "num_of_interactions": 2,
    "random_seed": 297914,
    "dftcodebook": {
        "13165ce8-4440-4838-8adb-482acff2cf8c": {
            "complex_adjust0": [
                1.0,
                0.0
            ],
            "complex_adjust1": [
                1.0,
                0.0
            ],
            "complex_adjust2": [
                1.0,
                0.0
            ],
            "complex_adjust3": [
                1.0,
                0.0
            ]
        },
        "07d8a4f3-9081-4ffc-88ea-b6878dd493bc": {
            "complex_adjust0": [
                1.0,
                0.0
            ],
            "complex_adjust1": [
                6.123233995736766e-17,
                1.0
            ],
            "complex_adjust2": [
                -1.0,
                1.2246467991473532e-16
            ],
            "complex_adjust3": [
                -1.8369701987210297e-16,
                -1.0
            ]
        },
        "c3141991-5d63-4cca-8e6d-5f94bf466817": {
            "complex_adjust0": [
                1.0,
                0.0
            ],
            "complex_adjust1": [
                -1.0,
                1.2246467991473532e-16
            ],
            "complex_adjust2": [
                1.0,
                -2.4492935982947064e-16
            ],
            "complex_adjust3": [
                -1.0,
                3.6739403974420594e-16
            ]
        },
        "a55d21ec-5d1e-4eb1-b329-0d786bfdd285": {
            "complex_adjust0": [
                1.0,
                0.0
            ],
            "complex_adjust1": [
                -1.8369701987210297e-16,
                -1.0
            ],
            "complex_adjust2": [
                -1.0,
                3.6739403974420594e-16
            ],
            "complex_adjust3": [
                5.51091059616309e-16,
                1.0
            ]
        }
    },
    "num_of_levels": 4,
    "lloydcodebook": {
        "f556dd3a-59e6-41bb-a5fd-c298eea4a6c1": {
            "complex_adjust0": [
                0.698766956025444,
                0.06937725629017691
            ],
            "complex_adjust1": [
                -0.06835642097428384,
                0.011040012399257193
            ],
            "complex_adjust2": [
                -0.8586269162438095,
                0.0050242122233134295
            ],
            "complex_adjust3": [
                -0.11968716108697763,
                -0.0038664427507227924
            ]
        },
        "00154998-eb8a-453a-817a-1e20228b0adc": {
            "complex_adjust0": [
                0.7531285047390847,
                -0.03563690708496035
            ],
            "complex_adjust1": [
                0.04131110696631504,
                -0.0052844117846172715
            ],
            "complex_adjust2": [
                -0.5149846743514622,
                0.015664026057010564
            ],
            "complex_adjust3": [
                0.0668166759347481,
                0.01189705154413617
            ]
        },
        "d6b67e95-3779-42d8-b0c3-d35361bbf673": {
            "complex_adjust0": [
                0.6724604292574371,
                0.05713377714205427
            ],
            "complex_adjust1": [
                -0.04081961813053545,
                -0.007374160271336973
            ],
            "complex_adjust2": [
                0.5418298458053281,
                0.0006183777902722953
            ],
            "complex_adjust3": [
                -0.06669714684771699,
                -0.010091560677654442
            ]
        },
        "552108a9-454b-4b04-94fa-94c536b31b46": {
            "complex_adjust0": [
                0.7268219779710777,
                -0.04788038623308298
            ],
            "complex_adjust1": [
                0.06884790981006342,
                -0.02369858445521144
            ],
            "complex_adjust2": [
                0.8854720876976754,
                0.01125819162396943
            ],
            "complex_adjust3": [
                0.11980669017400875,
                0.005671933617204521
            ]
        }
    },
    "sets": {
        "9b10b9ff-bb37-47cc-996f-e6d53a48e8c5": 0,
        "0818848e-7b82-4283-8c62-be989816dc5f": 40,
        "bc472621-4153-4896-989d-3fba1d0db124": 20,
        "0a691508-5c7d-44ad-8690-410a97aa8463": 20
    },
    "mean_distortion_by_round": {
        "1": {
            "0": 0.6241747651214471,
            "1": 0.6241747651214471
        },
        "2": {
            "0": 0.5300989986109734,
            "1": 0.5300989986109734
        }
    }
}