{
    "instance_id": "2f8eabaf-0845-4779-bb8d-f8eb31ce14b0",
    "num_of_elements": 4,
    "variance_of_samples": 0.01,
    "use_same_samples_for_all": true,
    "initial_alphabet_opt": "unitary_until_num_of_elements",
    "distortion_measure_opt": "mse",
    "num_of_samples": 8000,
    "num_of_interactions": 20,
    "random_seed": 29826,
    "dftcodebook": {
        "b8928f83-e447-493a-9ad3-687d914b581f": {
            "complex_adjust0": [
                1.0,
                0.0
            ],
            "complex_adjust1": [
                1.0,
                0.0
            ],
            "complex_adjust2": [
                1.0,
                0.0
            ],
            "complex_adjust3": [
                1.0,
                0.0
            ]
        },
        "f21c5ce4-d311-41cc-bebe-318c6f8cd55f": {
            "complex_adjust0": [
                1.0,
                0.0
            ],
            "complex_adjust1": [
                6.123233995736766e-17,
                1.0
            ],
            "complex_adjust2": [
                -1.0,
                1.2246467991473532e-16
            ],
            "complex_adjust3": [
                -1.8369701987210297e-16,
                -1.0
            ]
        },
        "3db38fd6-014f-418b-bd69-2599703d2bf4": {
            "complex_adjust0": [
                1.0,
                0.0
            ],
            "complex_adjust1": [
                -1.0,
                1.2246467991473532e-16
            ],
            "complex_adjust2": [
                1.0,
                -2.4492935982947064e-16
            ],
            "complex_adjust3": [
                -1.0,
                3.6739403974420594e-16
            ]
        },
        "e1b06072-5480-441f-8b84-fddd94bc7541": {
            "complex_adjust0": [
                1.0,
                0.0
            ],
            "complex_adjust1": [
                -1.8369701987210297e-16,
                -1.0
            ],
            "complex_adjust2": [
                -1.0,
                3.6739403974420594e-16
            ],
            "complex_adjust3": [
                5.51091059616309e-16,
                1.0
            ]
        }
    },
    "num_of_levels": 4,
    "lloydcodebook": {
        "1bb5d906-351e-4f91-bafe-8349b021a782": {
            "complex_adjust0": [
                0.7285215275290909,
                -0.0013626850871828562
            ],
            "complex_adjust1": [
                0.30177005579039273,
                -0.39163794085148373
            ],
            "complex_adjust2": [
                -0.03647941887659565,
                0.047140376566447845
            ],
            "complex_adjust3": [
                0.5074302681985828,
                0.4023684404425563
            ]
        },
        "0a4ed928-a74f-4a46-815a-f3a0c15ddcfa": {
            "complex_adjust0": [
                0.6882872793962028,
                0.0011068781530703996
            ],
            "complex_adjust1": [
                0.40734460637573777,
                -0.3122446037315696
            ],
            "complex_adjust2": [
                0.03620896264081185,
                -0.043363927786820064
            ],
            "complex_adjust3": [
                0.19537280936758072,
                0.30502960731104484
            ]
        },
        "78328b33-1a89-4b12-baf4-0d9100ec0cae": {
            "complex_adjust0": [
                0.7276461834387199,
                -0.0016008146482936955
            ],
            "complex_adjust1": [
                -0.4039713710511431,
                0.3138329286988914
            ],
            "complex_adjust2": [
                -0.034926788636064444,
                0.04567561909759695
            ],
            "complex_adjust3": [
                -0.19891822421694516,
                -0.3050246923277095
            ]
        },
        "a73f0e86-caa9-4886-8738-9401c2b4c14e": {
            "complex_adjust0": [
                0.6874119353058318,
                0.0008687485919595602
            ],
            "complex_adjust1": [
                -0.2983968204657981,
                0.39322626581880554
            ],
            "complex_adjust2": [
                0.03776159288134306,
                -0.04482868525567096
            ],
            "complex_adjust3": [
                -0.5109756830479473,
                -0.402363525459221
            ]
        }
    },
    "sets": {
        "08b1dfd4-9959-4f07-a39f-609ef00447d3": 107,
        "ad611b49-af45-4165-adf6-f72202195389": 3893,
        "a7909142-d664-4ae5-8d30-8bf015cfd136": 2371,
        "59353848-669a-4361-a085-4dfc0911b56f": 1629
    },
    "mean_distortion_by_round": {
        "1": {
            "0": 0.6914076294763017,
            "1": 0.6914076294763017,
            "2": 0.6914076294763017,
            "3": 0.6914076294763017,
            "4": 0.6914076294763017,
            "5": 0.6914076294763017,
            "6": 0.6914076294763017,
            "7": 0.6914076294763017,
            "8": 0.6914076294763017,
            "9": 0.6914076294763017,
            "10": 0.6914076294763017,
            "11": 0.6914076294763017,
            "12": 0.6914076294763017,
            "13": 0.6914076294763017,
            "14": 0.6914076294763017,
            "15": 0.6914076294763017,
            "16": 0.6914076294763017,
            "17": 0.6914076294763017,
            "18": 0.6914076294763017,
            "19": 0.6914076294763017
        },
        "2": {
            "0": 0.5810332972245106,
            "1": 0.5810332972245106,
            "2": 0.5810332972245106,
            "3": 0.5810332972245106,
            "4": 0.5810332972245106,
            "5": 0.5810332972245106,
            "6": 0.5810332972245106,
            "7": 0.5810332972245106,
            "8": 0.5810332972245106,
            "9": 0.5810332972245106,
            "10": 0.5810332972245106,
            "11": 0.5810332972245106,
            "12": 0.5810332972245106,
            "13": 0.5810332972245106,
            "14": 0.5810332972245106,
            "15": 0.5810332972245106,
            "16": 0.5810332972245106,
            "17": 0.5810332972245106,
            "18": 0.5810332972245106,
            "19": 0.5810332972245106
        }
    }
}