{
    "instance_id": "346dd510-828b-40b0-80e8-d2b1cd0dfa5a",
    "num_of_elements": 4,
    "variance_of_samples": 0.01,
    "use_same_samples_for_all": true,
    "initial_alphabet_opt": "unitary_until_num_of_elements",
    "distortion_measure_opt": "mse",
    "num_of_samples": 8000,
    "num_of_interactions": 20,
    "random_seed": 86063,
    "dftcodebook": {
        "30be2c5e-bba4-4337-8648-135a006721cd": {
            "complex_adjust0": [
                1.0,
                0.0
            ],
            "complex_adjust1": [
                1.0,
                0.0
            ],
            "complex_adjust2": [
                1.0,
                0.0
            ],
            "complex_adjust3": [
                1.0,
                0.0
            ]
        },
        "7b5c61ba-d7bf-403c-9104-d5f486f10caf": {
            "complex_adjust0": [
                1.0,
                0.0
            ],
            "complex_adjust1": [
                6.123233995736766e-17,
                1.0
            ],
            "complex_adjust2": [
                -1.0,
                1.2246467991473532e-16
            ],
            "complex_adjust3": [
                -1.8369701987210297e-16,
                -1.0
            ]
        },
        "bff8f3fe-472a-48dc-b6e0-b4a50567d585": {
            "complex_adjust0": [
                1.0,
                0.0
            ],
            "complex_adjust1": [
                -1.0,
                1.2246467991473532e-16
            ],
            "complex_adjust2": [
                1.0,
                -2.4492935982947064e-16
            ],
            "complex_adjust3": [
                -1.0,
                3.6739403974420594e-16
            ]
        },
        "1d9c092e-829b-4efc-b08d-2d50949e19a2": {
            "complex_adjust0": [
                1.0,
                0.0
            ],
            "complex_adjust1": [
                -1.8369701987210297e-16,
                -1.0
            ],
            "complex_adjust2": [
                -1.0,
                3.6739403974420594e-16
            ],
            "complex_adjust3": [
                5.51091059616309e-16,
                1.0
            ]
        }
    },
    "num_of_levels": 4,
    "lloydcodebook": {
        "5683084d-6dca-47bc-b350-e6d787e3e84f": {
            "complex_adjust0": [
                0.7285215275290909,
                -0.0013626850871828562
            ],
            "complex_adjust1": [
                0.30177005579039273,
                -0.39163794085148373
            ],
            "complex_adjust2": [
                -0.03647941887659565,
                0.047140376566447845
            ],
            "complex_adjust3": [
                0.5074302681985828,
                0.4023684404425563
            ]
        },
        "07e3314f-5470-4016-aa4e-052879f790de": {
            "complex_adjust0": [
                0.6882872793962028,
                0.0011068781530703996
            ],
            "complex_adjust1": [
                0.40734460637573777,
                -0.3122446037315696
            ],
            "complex_adjust2": [
                0.03620896264081185,
                -0.043363927786820064
            ],
            "complex_adjust3": [
                0.19537280936758072,
                0.30502960731104484
            ]
        },
        "98edc6d5-5edc-458c-b7b2-be2dd944f177": {
            "complex_adjust0": [
                0.7276461834387199,
                -0.0016008146482936955
            ],
            "complex_adjust1": [
                -0.4039713710511431,
                0.3138329286988914
            ],
            "complex_adjust2": [
                -0.034926788636064444,
                0.04567561909759695
            ],
            "complex_adjust3": [
                -0.19891822421694516,
                -0.3050246923277095
            ]
        },
        "8d4fd7e6-fa6f-4fb9-81dd-f3a001d45825": {
            "complex_adjust0": [
                0.6874119353058318,
                0.0008687485919595602
            ],
            "complex_adjust1": [
                -0.2983968204657981,
                0.39322626581880554
            ],
            "complex_adjust2": [
                0.03776159288134306,
                -0.04482868525567096
            ],
            "complex_adjust3": [
                -0.5109756830479473,
                -0.402363525459221
            ]
        }
    },
    "sets": {
        "43d02020-5086-4bbc-a9b8-560af042c692": 107,
        "e3403639-72fd-41ad-8fd1-b77d69831e55": 3893,
        "55d3f11f-b734-4a4e-a647-bcadec758a58": 2371,
        "5b203d9d-b347-40f2-bfb8-7c69173d3e93": 1629
    },
    "mean_distortion_by_round": {
        "1": {
            "0": 0.6914076294763017,
            "1": 0.6914076294763017,
            "2": 0.6914076294763017,
            "3": 0.6914076294763017,
            "4": 0.6914076294763017,
            "5": 0.6914076294763017,
            "6": 0.6914076294763017,
            "7": 0.6914076294763017,
            "8": 0.6914076294763017,
            "9": 0.6914076294763017,
            "10": 0.6914076294763017,
            "11": 0.6914076294763017,
            "12": 0.6914076294763017,
            "13": 0.6914076294763017,
            "14": 0.6914076294763017,
            "15": 0.6914076294763017,
            "16": 0.6914076294763017,
            "17": 0.6914076294763017,
            "18": 0.6914076294763017,
            "19": 0.6914076294763017
        },
        "2": {
            "0": 0.5810332972245106,
            "1": 0.5810332972245106,
            "2": 0.5810332972245106,
            "3": 0.5810332972245106,
            "4": 0.5810332972245106,
            "5": 0.5810332972245106,
            "6": 0.5810332972245106,
            "7": 0.5810332972245106,
            "8": 0.5810332972245106,
            "9": 0.5810332972245106,
            "10": 0.5810332972245106,
            "11": 0.5810332972245106,
            "12": 0.5810332972245106,
            "13": 0.5810332972245106,
            "14": 0.5810332972245106,
            "15": 0.5810332972245106,
            "16": 0.5810332972245106,
            "17": 0.5810332972245106,
            "18": 0.5810332972245106,
            "19": 0.5810332972245106
        }
    }
}