{
    "instance_id": "3a9d3036-b54f-434a-8639-8d525d6fb05b",
    "num_of_elements": 4,
    "variance_of_samples": 0.1,
    "use_same_samples_for_all": false,
    "initial_alphabet_opt": "random_from_samples",
    "distortion_measure_opt": "mse",
    "num_of_samples": 80,
    "num_of_interactions": 2,
    "random_seed": 212625,
    "dftcodebook": {
        "da5d4d55-b448-4184-af52-735a3b28e3d5": {
            "complex_adjust0": [
                1.0,
                0.0
            ],
            "complex_adjust1": [
                1.0,
                0.0
            ],
            "complex_adjust2": [
                1.0,
                0.0
            ],
            "complex_adjust3": [
                1.0,
                0.0
            ]
        },
        "4b62d8b7-30f4-44d4-8599-b33d08790d38": {
            "complex_adjust0": [
                1.0,
                0.0
            ],
            "complex_adjust1": [
                6.123233995736766e-17,
                1.0
            ],
            "complex_adjust2": [
                -1.0,
                1.2246467991473532e-16
            ],
            "complex_adjust3": [
                -1.8369701987210297e-16,
                -1.0
            ]
        },
        "1054e202-f002-42e4-8382-47a6bd750997": {
            "complex_adjust0": [
                1.0,
                0.0
            ],
            "complex_adjust1": [
                -1.0,
                1.2246467991473532e-16
            ],
            "complex_adjust2": [
                1.0,
                -2.4492935982947064e-16
            ],
            "complex_adjust3": [
                -1.0,
                3.6739403974420594e-16
            ]
        },
        "5131f4ec-e4ae-495d-bd9a-bb4b6b666f49": {
            "complex_adjust0": [
                1.0,
                0.0
            ],
            "complex_adjust1": [
                -1.8369701987210297e-16,
                -1.0
            ],
            "complex_adjust2": [
                -1.0,
                3.6739403974420594e-16
            ],
            "complex_adjust3": [
                5.51091059616309e-16,
                1.0
            ]
        }
    },
    "num_of_levels": 4,
    "lloydcodebook": {
        "8120f84f-295f-4d72-84f4-0b9a287fb8ce": {
            "complex_adjust0": [
                0.506962564190322,
                -0.03853071848638919
            ],
            "complex_adjust1": [
                0.13077942779560972,
                0.5010428776341275
            ],
            "complex_adjust2": [
                -0.48433343283163244,
                -0.18495000622970711
            ],
            "complex_adjust3": [
                0.1874933729741766,
                -0.4116041477050327
            ]
        },
        "6462c73d-7588-4474-a8fa-f7f213ff159f": {
            "complex_adjust0": [
                0.38406207506029233,
                -0.07248768267494313
            ],
            "complex_adjust1": [
                0.347250629274915,
                -0.10942246923240835
            ],
            "complex_adjust2": [
                0.503364724560439,
                -0.013080519442461535
            ],
            "complex_adjust3": [
                0.648135442675232,
                -0.2026299190236897
            ]
        },
        "681fb1f5-0355-4575-9db4-81352b47df30": {
            "complex_adjust0": [
                0.4509348014540774,
                -0.04419115900682502
            ],
            "complex_adjust1": [
                0.38891388694545936,
                0.05725949187336694
            ],
            "complex_adjust2": [
                0.59693863412204,
                -0.08584196313739957
            ],
            "complex_adjust3": [
                0.5244354894032572,
                -0.03788307466640705
            ]
        },
        "a09d66e2-5505-46cb-b262-dc00e5c1908b": {
            "complex_adjust0": [
                0.6024716028937332,
                -0.042193588289075115
            ],
            "complex_adjust1": [
                -0.12359316694740775,
                -0.6752260862861638
            ],
            "complex_adjust2": [
                -0.27645106213147913,
                -0.014127200029983942
            ],
            "complex_adjust3": [
                0.08252955407791725,
                0.28391237286514676
            ]
        }
    },
    "sets": {
        "63a401b4-e3cc-4549-888f-93befa6826f9": 20,
        "6bd7a6ab-10f0-471b-a6ff-8d1609a4c660": 1,
        "cabd9f54-7cad-424d-a1ca-d0d6fb12dde5": 21,
        "c8474b90-3d48-4eb9-b459-c8fb6c8e90ef": 38
    },
    "mean_distortion_by_round": {
        "1": {
            "0": 0.5334207787129992,
            "1": 0.5334207787129992
        }
    }
}