{
    "instance_id": "430135a4-4ab3-4d6b-a0cb-5e43ebd66a6c",
    "num_of_elements": 4,
    "variance_of_samples": 0.01,
    "use_same_samples_for_all": true,
    "initial_alphabet_opt": "unitary_until_num_of_elements",
    "distortion_measure_opt": "mse",
    "num_of_samples": 8000,
    "num_of_interactions": 20,
    "random_seed": 86063,
    "dftcodebook": {
        "a66bf081-b20b-4172-8667-6c46c7570585": {
            "complex_adjust0": [
                1.0,
                0.0
            ],
            "complex_adjust1": [
                1.0,
                0.0
            ],
            "complex_adjust2": [
                1.0,
                0.0
            ],
            "complex_adjust3": [
                1.0,
                0.0
            ]
        },
        "31db9fc6-449d-423d-8b8a-744a1b65de07": {
            "complex_adjust0": [
                1.0,
                0.0
            ],
            "complex_adjust1": [
                6.123233995736766e-17,
                1.0
            ],
            "complex_adjust2": [
                -1.0,
                1.2246467991473532e-16
            ],
            "complex_adjust3": [
                -1.8369701987210297e-16,
                -1.0
            ]
        },
        "e39aac41-1aa3-4c53-a23b-8c540607c461": {
            "complex_adjust0": [
                1.0,
                0.0
            ],
            "complex_adjust1": [
                -1.0,
                1.2246467991473532e-16
            ],
            "complex_adjust2": [
                1.0,
                -2.4492935982947064e-16
            ],
            "complex_adjust3": [
                -1.0,
                3.6739403974420594e-16
            ]
        },
        "2ce12a82-b100-4a81-a286-e94fce7a5f7f": {
            "complex_adjust0": [
                1.0,
                0.0
            ],
            "complex_adjust1": [
                -1.8369701987210297e-16,
                -1.0
            ],
            "complex_adjust2": [
                -1.0,
                3.6739403974420594e-16
            ],
            "complex_adjust3": [
                5.51091059616309e-16,
                1.0
            ]
        }
    },
    "num_of_levels": 4,
    "lloydcodebook": {
        "8f5d8bef-5fbd-451c-bc35-ff729298b1db": {
            "complex_adjust0": [
                0.7285215275290909,
                -0.0013626850871828562
            ],
            "complex_adjust1": [
                0.30177005579039273,
                -0.39163794085148373
            ],
            "complex_adjust2": [
                -0.03647941887659565,
                0.047140376566447845
            ],
            "complex_adjust3": [
                0.5074302681985828,
                0.4023684404425563
            ]
        },
        "37e94afe-2d29-45fb-ac4f-5f99f45414ef": {
            "complex_adjust0": [
                0.6882872793962028,
                0.0011068781530703996
            ],
            "complex_adjust1": [
                0.40734460637573777,
                -0.3122446037315696
            ],
            "complex_adjust2": [
                0.03620896264081185,
                -0.043363927786820064
            ],
            "complex_adjust3": [
                0.19537280936758072,
                0.30502960731104484
            ]
        },
        "6725c574-2ee5-4c5c-9589-30c13a13d3a5": {
            "complex_adjust0": [
                0.7276461834387199,
                -0.0016008146482936955
            ],
            "complex_adjust1": [
                -0.4039713710511431,
                0.3138329286988914
            ],
            "complex_adjust2": [
                -0.034926788636064444,
                0.04567561909759695
            ],
            "complex_adjust3": [
                -0.19891822421694516,
                -0.3050246923277095
            ]
        },
        "be0e14c2-e8bb-4d97-bea8-2795d33c1743": {
            "complex_adjust0": [
                0.6874119353058318,
                0.0008687485919595602
            ],
            "complex_adjust1": [
                -0.2983968204657981,
                0.39322626581880554
            ],
            "complex_adjust2": [
                0.03776159288134306,
                -0.04482868525567096
            ],
            "complex_adjust3": [
                -0.5109756830479473,
                -0.402363525459221
            ]
        }
    },
    "sets": {
        "8f983aa9-d0fd-4778-95ba-6175d5c750d2": 107,
        "804fdeb4-de22-4ec3-8c90-4ac2394ddc3e": 3893,
        "24f308e3-8696-4c0e-9075-afa2ba70460b": 2371,
        "f8b6e005-afbd-4c53-a9fb-f3110f7214d1": 1629
    },
    "mean_distortion_by_round": {
        "1": {
            "0": 0.6914076294763017,
            "1": 0.6914076294763017,
            "2": 0.6914076294763017,
            "3": 0.6914076294763017,
            "4": 0.6914076294763017,
            "5": 0.6914076294763017,
            "6": 0.6914076294763017,
            "7": 0.6914076294763017,
            "8": 0.6914076294763017,
            "9": 0.6914076294763017,
            "10": 0.6914076294763017,
            "11": 0.6914076294763017,
            "12": 0.6914076294763017,
            "13": 0.6914076294763017,
            "14": 0.6914076294763017,
            "15": 0.6914076294763017,
            "16": 0.6914076294763017,
            "17": 0.6914076294763017,
            "18": 0.6914076294763017,
            "19": 0.6914076294763017
        },
        "2": {
            "0": 0.5810332972245106,
            "1": 0.5810332972245106,
            "2": 0.5810332972245106,
            "3": 0.5810332972245106,
            "4": 0.5810332972245106,
            "5": 0.5810332972245106,
            "6": 0.5810332972245106,
            "7": 0.5810332972245106,
            "8": 0.5810332972245106,
            "9": 0.5810332972245106,
            "10": 0.5810332972245106,
            "11": 0.5810332972245106,
            "12": 0.5810332972245106,
            "13": 0.5810332972245106,
            "14": 0.5810332972245106,
            "15": 0.5810332972245106,
            "16": 0.5810332972245106,
            "17": 0.5810332972245106,
            "18": 0.5810332972245106,
            "19": 0.5810332972245106
        }
    }
}