{
    "instance_id": "43f6b123-560e-4dc7-9bdd-0df7347aae53",
    "num_of_elements": 4,
    "variance_of_samples": 0.1,
    "use_same_samples_for_all": false,
    "initial_alphabet_opt": "random_from_samples",
    "distortion_measure_opt": "mse",
    "num_of_samples": 80,
    "num_of_interactions": 2,
    "random_seed": 297914,
    "dftcodebook": {
        "fbbfe1d0-0dcc-45de-bed0-e5471f485313": {
            "complex_adjust0": [
                1.0,
                0.0
            ],
            "complex_adjust1": [
                1.0,
                0.0
            ],
            "complex_adjust2": [
                1.0,
                0.0
            ],
            "complex_adjust3": [
                1.0,
                0.0
            ]
        },
        "2f5b82f2-817e-4509-85ff-a9e5f24e94b6": {
            "complex_adjust0": [
                1.0,
                0.0
            ],
            "complex_adjust1": [
                6.123233995736766e-17,
                1.0
            ],
            "complex_adjust2": [
                -1.0,
                1.2246467991473532e-16
            ],
            "complex_adjust3": [
                -1.8369701987210297e-16,
                -1.0
            ]
        },
        "9400c7f7-43ad-41e1-a57d-3471ff9f2aad": {
            "complex_adjust0": [
                1.0,
                0.0
            ],
            "complex_adjust1": [
                -1.0,
                1.2246467991473532e-16
            ],
            "complex_adjust2": [
                1.0,
                -2.4492935982947064e-16
            ],
            "complex_adjust3": [
                -1.0,
                3.6739403974420594e-16
            ]
        },
        "5def723c-cacd-474c-84e2-526dd23c1b01": {
            "complex_adjust0": [
                1.0,
                0.0
            ],
            "complex_adjust1": [
                -1.8369701987210297e-16,
                -1.0
            ],
            "complex_adjust2": [
                -1.0,
                3.6739403974420594e-16
            ],
            "complex_adjust3": [
                5.51091059616309e-16,
                1.0
            ]
        }
    },
    "num_of_levels": 4,
    "lloydcodebook": {
        "90e12425-9852-483b-ac76-60d760fc7044": {
            "complex_adjust0": [
                0.4140124526041951,
                0.058974819436246356
            ],
            "complex_adjust1": [
                -0.5198745488491641,
                -0.14441840594795544
            ],
            "complex_adjust2": [
                0.3854277877276037,
                -0.10424113575941751
            ],
            "complex_adjust3": [
                -0.5875553734701526,
                -0.17131061383578203
            ]
        },
        "dd1089a3-c9d7-4a7c-b517-f1d864587157": {
            "complex_adjust0": [
                0.4894606854928873,
                -0.041915035006393736
            ],
            "complex_adjust1": [
                0.04704417116731906,
                0.4242687181530853
            ],
            "complex_adjust2": [
                -0.6202639972311536,
                -0.0055024542701146775
            ],
            "complex_adjust3": [
                -0.03403948690301893,
                -0.43650644671113326
            ]
        },
        "86873d77-dd79-4af7-90c3-d0bfa4ec5fe6": {
            "complex_adjust0": [
                0.48188408373919156,
                0.017354089662251986
            ],
            "complex_adjust1": [
                0.1326230536846288,
                -0.6135258074487117
            ],
            "complex_adjust2": [
                -0.4682329016197619,
                0.04990510957902582
            ],
            "complex_adjust3": [
                -0.034616532061161685,
                0.38801146919041885
            ]
        },
        "6ff78975-6e03-4d2f-8b28-708c0533cc97": {
            "complex_adjust0": [
                0.4139705167573489,
                0.01800554740605255
            ],
            "complex_adjust1": [
                -0.016406937788269047,
                0.6057575860638912
            ],
            "complex_adjust2": [
                -0.5723835066730069,
                -0.045913932726632224
            ],
            "complex_adjust3": [
                -0.24964119360798556,
                -0.2627566885180806
            ]
        }
    },
    "sets": {
        "3324c315-bd45-40ac-874f-d22ee257cf5c": 21,
        "e547c877-8e13-48c3-8ff2-bef5cf757a1e": 22,
        "0f80b52a-eb82-4836-bf2f-316dbdce69c8": 34,
        "7a955019-e00e-483f-987b-f0bd07e403a8": 3
    },
    "mean_distortion_by_round": {
        "1": {
            "0": 0.5699091946321604,
            "1": 0.5699091946321604
        }
    }
}