{
    "instance_id": "4b7dc9bf-10cb-4b58-8a11-e7d87b85f7e0",
    "num_of_elements": 4,
    "variance_of_samples": 0.1,
    "use_same_samples_for_all": false,
    "initial_alphabet_opt": "unitary_until_num_of_elements",
    "distortion_measure_opt": "mse",
    "num_of_samples": 80,
    "num_of_interactions": 2,
    "random_seed": 344693,
    "dftcodebook": {
        "021d1669-a516-4f97-9f43-d74d3327224d": {
            "complex_adjust0": [
                1.0,
                0.0
            ],
            "complex_adjust1": [
                1.0,
                0.0
            ],
            "complex_adjust2": [
                1.0,
                0.0
            ],
            "complex_adjust3": [
                1.0,
                0.0
            ]
        },
        "997cb567-bf47-4565-b159-d5e9bfdd6839": {
            "complex_adjust0": [
                1.0,
                0.0
            ],
            "complex_adjust1": [
                6.123233995736766e-17,
                1.0
            ],
            "complex_adjust2": [
                -1.0,
                1.2246467991473532e-16
            ],
            "complex_adjust3": [
                -1.8369701987210297e-16,
                -1.0
            ]
        },
        "ca162162-e504-40ed-ba75-21852f3a5adb": {
            "complex_adjust0": [
                1.0,
                0.0
            ],
            "complex_adjust1": [
                -1.0,
                1.2246467991473532e-16
            ],
            "complex_adjust2": [
                1.0,
                -2.4492935982947064e-16
            ],
            "complex_adjust3": [
                -1.0,
                3.6739403974420594e-16
            ]
        },
        "467f1f60-26d8-48f8-b227-e38287c50d17": {
            "complex_adjust0": [
                1.0,
                0.0
            ],
            "complex_adjust1": [
                -1.8369701987210297e-16,
                -1.0
            ],
            "complex_adjust2": [
                -1.0,
                3.6739403974420594e-16
            ],
            "complex_adjust3": [
                5.51091059616309e-16,
                1.0
            ]
        }
    },
    "num_of_levels": 4,
    "lloydcodebook": {
        "d0dba5b7-1c4e-4daa-9679-c5e32bff40f6": {
            "complex_adjust0": [
                0.5269768229423043,
                -0.14981760786686604
            ],
            "complex_adjust1": [
                0.5956554785909058,
                -0.5333247856386086
            ],
            "complex_adjust2": [
                0.03480815789348664,
                -0.2402842275942725
            ],
            "complex_adjust3": [
                0.4759259001477175,
                0.43814090231635217
            ]
        },
        "81c80341-5328-4fe8-ac75-1289727293cc": {
            "complex_adjust0": [
                0.9531203485573015,
                0.1129284325747697
            ],
            "complex_adjust1": [
                0.11807674077132918,
                -0.0827901601341248
            ],
            "complex_adjust2": [
                -0.014864638598549147,
                0.2536023726530846
            ],
            "complex_adjust3": [
                0.24235158695404138,
                0.19624271890818956
            ]
        },
        "01afb42a-0aa2-4954-9eb4-3129e2d3e8ef": {
            "complex_adjust0": [
                0.4924479950786629,
                -0.10948557883772483
            ],
            "complex_adjust1": [
                -0.07996082614941541,
                0.14731179552281667
            ],
            "complex_adjust2": [
                0.02636555171705963,
                -0.28803840786668344
            ],
            "complex_adjust3": [
                -0.2601664198543041,
                -0.22192229435573746
            ]
        },
        "a0bb8cfc-fda4-4a81-9b38-384c6ffaff15": {
            "complex_adjust0": [
                0.9185915206936601,
                0.1532604616039109
            ],
            "complex_adjust1": [
                -0.557539563968992,
                0.5978464210273005
            ],
            "complex_adjust2": [
                -0.023307244774976154,
                0.20584819238067364
            ],
            "complex_adjust3": [
                -0.49374073304798016,
                -0.46382047776390006
            ]
        }
    },
    "sets": {
        "66f763fe-5cec-4e89-9802-a240f2e04447": 14,
        "6f3f0bc4-84de-42da-a513-1d88a3e470f1": 26,
        "f1e2dd8b-c6b6-4bac-ab9f-1b6db0ec3d9a": 40,
        "02a7d658-529b-4e50-a411-deb0674d691a": 0
    },
    "mean_distortion_by_round": {
        "1": {
            "0": 0.7033581702410407,
            "1": 0.7033581702410407
        },
        "2": {
            "0": 0.7308716224764079,
            "1": 0.7308716224764079
        }
    }
}