{
    "instance_id": "4b9ecb81-0f22-4c58-bc3f-d517bfd93b3c",
    "num_of_elements": 4,
    "variance_of_samples": 0.1,
    "use_same_samples_for_all": true,
    "initial_alphabet_opt": "unitary_until_num_of_elements",
    "distortion_measure_opt": "mse",
    "num_of_samples": 8000,
    "num_of_interactions": 20,
    "random_seed": 86063,
    "dftcodebook": {
        "0bc582a2-04d4-4f50-a1f5-f4b01a95a1e0": {
            "complex_adjust0": [
                1.0,
                0.0
            ],
            "complex_adjust1": [
                1.0,
                0.0
            ],
            "complex_adjust2": [
                1.0,
                0.0
            ],
            "complex_adjust3": [
                1.0,
                0.0
            ]
        },
        "bb1da584-c7fe-4acd-ad78-0152490c98df": {
            "complex_adjust0": [
                1.0,
                0.0
            ],
            "complex_adjust1": [
                6.123233995736766e-17,
                1.0
            ],
            "complex_adjust2": [
                -1.0,
                1.2246467991473532e-16
            ],
            "complex_adjust3": [
                -1.8369701987210297e-16,
                -1.0
            ]
        },
        "c8f18eba-f677-4850-830a-2bbdedd8f5a4": {
            "complex_adjust0": [
                1.0,
                0.0
            ],
            "complex_adjust1": [
                -1.0,
                1.2246467991473532e-16
            ],
            "complex_adjust2": [
                1.0,
                -2.4492935982947064e-16
            ],
            "complex_adjust3": [
                -1.0,
                3.6739403974420594e-16
            ]
        },
        "fbb41d31-7764-4b1a-a5f6-184067f70d95": {
            "complex_adjust0": [
                1.0,
                0.0
            ],
            "complex_adjust1": [
                -1.8369701987210297e-16,
                -1.0
            ],
            "complex_adjust2": [
                -1.0,
                3.6739403974420594e-16
            ],
            "complex_adjust3": [
                5.51091059616309e-16,
                1.0
            ]
        }
    },
    "num_of_levels": 4,
    "lloydcodebook": {
        "215d93c7-a417-487d-b4ab-1656dc215b48": {
            "complex_adjust0": [
                0.8089040062199295,
                -0.004753404553287505
            ],
            "complex_adjust1": [
                0.1706547392488621,
                -0.43988165936652257
            ],
            "complex_adjust2": [
                -0.1756215201236925,
                0.15442360381645567
            ],
            "complex_adjust3": [
                0.8480292857882523,
                0.4735902299988678
            ]
        },
        "469147b5-dbdb-46b0-a7fb-32ad5984921d": {
            "complex_adjust0": [
                0.6816721421756262,
                0.0030560401117384014
            ],
            "complex_adjust1": [
                0.5045107820472152,
                -0.18881788302600122
            ],
            "complex_adjust2": [
                0.05423932490260135,
                -0.13177613598896323
            ],
            "complex_adjust3": [
                -0.13878304496193938,
                0.16577781252023124
            ]
        },
        "dc18cbc1-0117-4648-b65d-e84b1ee64758": {
            "complex_adjust0": [
                0.7799197958401539,
                -0.004514797069795836
            ],
            "complex_adjust1": [
                -0.5063862823800469,
                0.20752455680003012
            ],
            "complex_adjust2": [
                -0.04662528114379716,
                0.13902590675809381
            ],
            "complex_adjust3": [
                0.11250556822436025,
                -0.1792340643902349
            ]
        },
        "1f29faf3-0fe6-4494-8a1c-9ce5758efe34": {
            "complex_adjust0": [
                0.6526879317958506,
                0.0032946475952300713
            ],
            "complex_adjust1": [
                -0.17253023958169372,
                0.4585883331405515
            ],
            "complex_adjust2": [
                0.1832355638824967,
                -0.1471738330473251
            ],
            "complex_adjust3": [
                -0.8743067625258314,
                -0.48704648186887145
            ]
        }
    },
    "sets": {
        "7a97592f-b2bb-45e3-850b-f691a038ae52": 483,
        "5ed6da6f-8065-4267-a489-0e1f862cfcd8": 3519,
        "ac0e78f7-68a4-4fa4-95b7-b6636f8c4a0d": 2992,
        "c7a21f64-6abe-4266-9b78-73129f91dd76": 1006
    },
    "mean_distortion_by_round": {
        "1": {
            "0": 0.8235548425414451,
            "1": 0.8235548425414451,
            "2": 0.8235548425414451,
            "3": 0.8235548425414451,
            "4": 0.8235548425414451,
            "5": 0.8235548425414451,
            "6": 0.8235548425414451,
            "7": 0.8235548425414451,
            "8": 0.8235548425414451,
            "9": 0.8235548425414451,
            "10": 0.8235548425414451,
            "11": 0.8235548425414451,
            "12": 0.8235548425414451,
            "13": 0.8235548425414451,
            "14": 0.8235548425414451,
            "15": 0.8235548425414451,
            "16": 0.8235548425414451,
            "17": 0.8235548425414451,
            "18": 0.8235548425414451,
            "19": 0.8235548425414451
        },
        "2": {
            "0": 0.8094406832657253,
            "1": 0.8094406832657253,
            "2": 0.8094406832657253,
            "3": 0.8094406832657253,
            "4": 0.8094406832657253,
            "5": 0.8094406832657253,
            "6": 0.8094406832657253,
            "7": 0.8094406832657253,
            "8": 0.8094406832657253,
            "9": 0.8094406832657253,
            "10": 0.8094406832657253,
            "11": 0.8094406832657253,
            "12": 0.8094406832657253,
            "13": 0.8094406832657253,
            "14": 0.8094406832657253,
            "15": 0.8094406832657253,
            "16": 0.8094406832657253,
            "17": 0.8094406832657253,
            "18": 0.8094406832657253,
            "19": 0.8094406832657253
        }
    }
}