{
    "instance_id": "5b92e098-c35c-490e-9091-effea59df394",
    "num_of_elements": 4,
    "variance_of_samples": 0.01,
    "use_same_samples_for_all": false,
    "initial_alphabet_opt": "random_from_samples",
    "distortion_measure_opt": "mse",
    "num_of_samples": 80,
    "num_of_interactions": 2,
    "random_seed": 340956,
    "dftcodebook": {
        "bb53df6c-5d2a-4696-b9b8-65e9941b4d04": {
            "complex_adjust0": [
                1.0,
                0.0
            ],
            "complex_adjust1": [
                1.0,
                0.0
            ],
            "complex_adjust2": [
                1.0,
                0.0
            ],
            "complex_adjust3": [
                1.0,
                0.0
            ]
        },
        "f1368300-f9fa-46a9-8ac5-24bbe6784803": {
            "complex_adjust0": [
                1.0,
                0.0
            ],
            "complex_adjust1": [
                6.123233995736766e-17,
                1.0
            ],
            "complex_adjust2": [
                -1.0,
                1.2246467991473532e-16
            ],
            "complex_adjust3": [
                -1.8369701987210297e-16,
                -1.0
            ]
        },
        "19a21c7f-1632-487b-b63b-aa7fb4444aa3": {
            "complex_adjust0": [
                1.0,
                0.0
            ],
            "complex_adjust1": [
                -1.0,
                1.2246467991473532e-16
            ],
            "complex_adjust2": [
                1.0,
                -2.4492935982947064e-16
            ],
            "complex_adjust3": [
                -1.0,
                3.6739403974420594e-16
            ]
        },
        "7713fac4-ae72-4890-b391-5d944d9ea905": {
            "complex_adjust0": [
                1.0,
                0.0
            ],
            "complex_adjust1": [
                -1.8369701987210297e-16,
                -1.0
            ],
            "complex_adjust2": [
                -1.0,
                3.6739403974420594e-16
            ],
            "complex_adjust3": [
                5.51091059616309e-16,
                1.0
            ]
        }
    },
    "num_of_levels": 4,
    "lloydcodebook": {
        "daa25bf1-c8a1-49fc-b23f-7a4f1d5d8c9b": {
            "complex_adjust0": [
                0.5171730404129701,
                -0.009104745695332192
            ],
            "complex_adjust1": [
                -0.005207542084347304,
                -0.5009697465476458
            ],
            "complex_adjust2": [
                -0.44343203329141934,
                0.012330168210987218
            ],
            "complex_adjust3": [
                0.009771618432349952,
                0.533452770825491
            ]
        },
        "a429c0c8-4b3d-4a0b-9fd4-25665f12d21f": {
            "complex_adjust0": [
                0.5218077039981174,
                0.10785484076803016
            ],
            "complex_adjust1": [
                0.4612021864020712,
                0.04255233014040186
            ],
            "complex_adjust2": [
                0.5217905209727453,
                -0.03500643443237433
            ],
            "complex_adjust3": [
                0.47753296327828054,
                0.0061128211714774104
            ]
        },
        "6892a676-8ea5-4b4e-8991-62b7e2b2b94e": {
            "complex_adjust0": [
                0.49745154466486924,
                0.02088265108236917
            ],
            "complex_adjust1": [
                0.5323948276279084,
                -0.030956507696927208
            ],
            "complex_adjust2": [
                0.4540968251369743,
                0.03737866256184533
            ],
            "complex_adjust3": [
                0.5035188107034546,
                0.08106191457123145
            ]
        },
        "ae0008f6-8f98-4447-808e-3c2d5b57fa26": {
            "complex_adjust0": [
                0.47309545435107786,
                -0.08166462042222807
            ],
            "complex_adjust1": [
                0.034619587469908904,
                0.5059498809680157
            ],
            "complex_adjust2": [
                -0.4959392273373384,
                0.0051003364725455535
            ],
            "complex_adjust3": [
                0.01803325719226544,
                -0.515772094966811
            ]
        }
    },
    "sets": {
        "27d09ea2-3f51-45f2-9857-62035baaf816": 30,
        "95930a55-6a25-458d-ba85-4240e54a2a4f": 22,
        "c26c6223-e2d4-493d-8eda-be62b4927230": 8,
        "944657a0-2036-4cff-812f-24918f0cd30b": 20
    },
    "mean_distortion_by_round": {
        "1": {
            "0": 0.47735165806503516,
            "1": 0.47735165806503516
        }
    }
}