{
    "instance_id": "5cc153d1-4a9a-4212-a710-98121f85b61f",
    "num_of_elements": 4,
    "variance_of_samples": 0.01,
    "use_same_samples_for_all": false,
    "initial_alphabet_opt": "random_from_samples",
    "distortion_measure_opt": "mse",
    "num_of_samples": 80,
    "num_of_interactions": 2,
    "random_seed": 340956,
    "dftcodebook": {
        "928a1c8a-bbc4-4df5-ae3b-93a4ec1b990f": {
            "complex_adjust0": [
                1.0,
                0.0
            ],
            "complex_adjust1": [
                1.0,
                0.0
            ],
            "complex_adjust2": [
                1.0,
                0.0
            ],
            "complex_adjust3": [
                1.0,
                0.0
            ]
        },
        "ff91a829-2607-45de-ab1e-2e29459ff904": {
            "complex_adjust0": [
                1.0,
                0.0
            ],
            "complex_adjust1": [
                6.123233995736766e-17,
                1.0
            ],
            "complex_adjust2": [
                -1.0,
                1.2246467991473532e-16
            ],
            "complex_adjust3": [
                -1.8369701987210297e-16,
                -1.0
            ]
        },
        "be14621a-aef3-4b9f-8bd4-45a32c5bd9aa": {
            "complex_adjust0": [
                1.0,
                0.0
            ],
            "complex_adjust1": [
                -1.0,
                1.2246467991473532e-16
            ],
            "complex_adjust2": [
                1.0,
                -2.4492935982947064e-16
            ],
            "complex_adjust3": [
                -1.0,
                3.6739403974420594e-16
            ]
        },
        "2fe15309-d4e7-49fa-8236-a497c78bbf12": {
            "complex_adjust0": [
                1.0,
                0.0
            ],
            "complex_adjust1": [
                -1.8369701987210297e-16,
                -1.0
            ],
            "complex_adjust2": [
                -1.0,
                3.6739403974420594e-16
            ],
            "complex_adjust3": [
                5.51091059616309e-16,
                1.0
            ]
        }
    },
    "num_of_levels": 4,
    "lloydcodebook": {
        "9579cd92-c5b6-45a4-b728-31e08a77f364": {
            "complex_adjust0": [
                0.5171730404129701,
                -0.009104745695332192
            ],
            "complex_adjust1": [
                -0.005207542084347304,
                -0.5009697465476458
            ],
            "complex_adjust2": [
                -0.44343203329141934,
                0.012330168210987218
            ],
            "complex_adjust3": [
                0.009771618432349952,
                0.533452770825491
            ]
        },
        "4a625720-b4be-45fc-b65d-88466bc86343": {
            "complex_adjust0": [
                0.5218077039981174,
                0.10785484076803016
            ],
            "complex_adjust1": [
                0.4612021864020712,
                0.04255233014040186
            ],
            "complex_adjust2": [
                0.5217905209727453,
                -0.03500643443237433
            ],
            "complex_adjust3": [
                0.47753296327828054,
                0.0061128211714774104
            ]
        },
        "02bf035b-a344-4834-9744-d83bee8c155e": {
            "complex_adjust0": [
                0.49745154466486924,
                0.02088265108236917
            ],
            "complex_adjust1": [
                0.5323948276279084,
                -0.030956507696927208
            ],
            "complex_adjust2": [
                0.4540968251369743,
                0.03737866256184533
            ],
            "complex_adjust3": [
                0.5035188107034546,
                0.08106191457123145
            ]
        },
        "9bfe302a-6ec2-4d03-a031-5b7afb8bba17": {
            "complex_adjust0": [
                0.47309545435107786,
                -0.08166462042222807
            ],
            "complex_adjust1": [
                0.034619587469908904,
                0.5059498809680157
            ],
            "complex_adjust2": [
                -0.4959392273373384,
                0.0051003364725455535
            ],
            "complex_adjust3": [
                0.01803325719226544,
                -0.515772094966811
            ]
        }
    },
    "sets": {
        "7b60f363-4489-4f4c-a2a8-638dfb9740f1": 30,
        "d5fa49a6-2c14-468d-a839-3475ad14be69": 22,
        "0a3d4923-76c2-445e-a0b2-8d17c83b7aa5": 8,
        "ac6b056e-a0a2-4689-8785-54e457a61fa8": 20
    },
    "mean_distortion_by_round": {
        "1": {
            "0": 0.47735165806503516,
            "1": 0.47735165806503516
        }
    }
}