{
    "instance_id": "6630379c-f4e8-4641-a8a8-526033d4fdb9",
    "num_of_elements": 4,
    "variance_of_samples": 0.01,
    "use_same_samples_for_all": true,
    "initial_alphabet_opt": "random_from_samples",
    "distortion_measure_opt": "mse",
    "num_of_samples": 8000,
    "num_of_interactions": 20,
    "random_seed": 29826,
    "dftcodebook": {
        "83b29d08-080f-4656-a528-f74c0b8100b7": {
            "complex_adjust0": [
                1.0,
                0.0
            ],
            "complex_adjust1": [
                1.0,
                0.0
            ],
            "complex_adjust2": [
                1.0,
                0.0
            ],
            "complex_adjust3": [
                1.0,
                0.0
            ]
        },
        "51136563-50b5-462e-acdd-5e73f41b1a92": {
            "complex_adjust0": [
                1.0,
                0.0
            ],
            "complex_adjust1": [
                6.123233995736766e-17,
                1.0
            ],
            "complex_adjust2": [
                -1.0,
                1.2246467991473532e-16
            ],
            "complex_adjust3": [
                -1.8369701987210297e-16,
                -1.0
            ]
        },
        "91592e4d-1f60-47b4-8d27-ea6f095b21a5": {
            "complex_adjust0": [
                1.0,
                0.0
            ],
            "complex_adjust1": [
                -1.0,
                1.2246467991473532e-16
            ],
            "complex_adjust2": [
                1.0,
                -2.4492935982947064e-16
            ],
            "complex_adjust3": [
                -1.0,
                3.6739403974420594e-16
            ]
        },
        "e2b5e78c-d731-4e79-8466-9a7817014cb6": {
            "complex_adjust0": [
                1.0,
                0.0
            ],
            "complex_adjust1": [
                -1.8369701987210297e-16,
                -1.0
            ],
            "complex_adjust2": [
                -1.0,
                3.6739403974420594e-16
            ],
            "complex_adjust3": [
                5.51091059616309e-16,
                1.0
            ]
        }
    },
    "num_of_levels": 4,
    "lloydcodebook": {
        "48bb3e70-3649-4f70-8298-0ad7afae37da": {
            "complex_adjust0": [
                0.47559855667821277,
                -0.03612327409172269
            ],
            "complex_adjust1": [
                0.029796969755880295,
                0.46661702394525456
            ],
            "complex_adjust2": [
                -0.49501379125655204,
                0.023802426745314267
            ],
            "complex_adjust3": [
                -0.026296131724480015,
                -0.5546035700529822
            ]
        },
        "06c95cc4-a307-4ee7-b430-ea21283a305e": {
            "complex_adjust0": [
                0.5317486796736478,
                0.017600088504538088
            ],
            "complex_adjust1": [
                0.44422657382366626,
                -0.03363256285034476
            ],
            "complex_adjust2": [
                0.536283167048456,
                0.0022159931406689893
            ],
            "complex_adjust3": [
                0.4790071812504222,
                0.03758663060680945
            ]
        },
        "ad6dd15b-3131-401d-bdcd-229b74294413": {
            "complex_adjust0": [
                0.5151521472079729,
                0.018944832429272942
            ],
            "complex_adjust1": [
                0.006463286682445074,
                0.5020022810366206
            ],
            "complex_adjust2": [
                -0.46687796621342353,
                -0.02192186884666854
            ],
            "complex_adjust3": [
                0.03277446693536056,
                -0.5125246579027413
            ]
        },
        "c14c6c8c-71bb-4bcd-a193-e8aa721c4032": {
            "complex_adjust0": [
                0.4875399949081626,
                0.013143910087930822
            ],
            "complex_adjust1": [
                -0.4039565932309256,
                0.04325575270390466
            ],
            "complex_adjust2": [
                0.5102007202038522,
                -0.018784375705328153
            ],
            "complex_adjust3": [
                -0.5799535953708888,
                -0.00872932901449863
            ]
        }
    },
    "sets": {
        "175a5d02-e3b3-4b8f-9550-0bc15d003f62": 629,
        "205265a5-ca52-49ee-86d2-5d8a5667b4f3": 3587,
        "c95615d4-1696-413d-85da-0e602765284f": 1663,
        "c45a3c4c-cbc8-4ee6-8916-7f35108659ea": 2121
    },
    "mean_distortion_by_round": {
        "1": {
            "0": 0.49459471434804947,
            "1": 0.49459471434804947,
            "2": 0.49459471434804947,
            "3": 0.49459471434804947,
            "4": 0.49459471434804947,
            "5": 0.49459471434804947,
            "6": 0.49459471434804947,
            "7": 0.49459471434804947,
            "8": 0.49459471434804947,
            "9": 0.49459471434804947,
            "10": 0.49459471434804947,
            "11": 0.49459471434804947,
            "12": 0.49459471434804947,
            "13": 0.49459471434804947,
            "14": 0.49459471434804947,
            "15": 0.49459471434804947,
            "16": 0.49459471434804947,
            "17": 0.49459471434804947,
            "18": 0.49459471434804947,
            "19": 0.49459471434804947
        }
    }
}