{
    "instance_id": "68d06013-6f96-4176-a906-6cdacefb3ce4",
    "num_of_elements": 4,
    "variance_of_samples": 0.1,
    "use_same_samples_for_all": true,
    "initial_alphabet_opt": "unitary_until_num_of_elements",
    "distortion_measure_opt": "mse",
    "num_of_samples": 8000,
    "num_of_interactions": 20,
    "random_seed": 86063,
    "dftcodebook": {
        "9d9e44eb-3850-42ac-85e3-3fd6e540a9cf": {
            "complex_adjust0": [
                1.0,
                0.0
            ],
            "complex_adjust1": [
                1.0,
                0.0
            ],
            "complex_adjust2": [
                1.0,
                0.0
            ],
            "complex_adjust3": [
                1.0,
                0.0
            ]
        },
        "3528ee7b-2616-4c51-82ba-db34c8d036ba": {
            "complex_adjust0": [
                1.0,
                0.0
            ],
            "complex_adjust1": [
                6.123233995736766e-17,
                1.0
            ],
            "complex_adjust2": [
                -1.0,
                1.2246467991473532e-16
            ],
            "complex_adjust3": [
                -1.8369701987210297e-16,
                -1.0
            ]
        },
        "54b466b8-b0b3-43b6-9861-da04ed426afc": {
            "complex_adjust0": [
                1.0,
                0.0
            ],
            "complex_adjust1": [
                -1.0,
                1.2246467991473532e-16
            ],
            "complex_adjust2": [
                1.0,
                -2.4492935982947064e-16
            ],
            "complex_adjust3": [
                -1.0,
                3.6739403974420594e-16
            ]
        },
        "e28d78ba-be7b-4a5c-9af1-455e9d455436": {
            "complex_adjust0": [
                1.0,
                0.0
            ],
            "complex_adjust1": [
                -1.8369701987210297e-16,
                -1.0
            ],
            "complex_adjust2": [
                -1.0,
                3.6739403974420594e-16
            ],
            "complex_adjust3": [
                5.51091059616309e-16,
                1.0
            ]
        }
    },
    "num_of_levels": 4,
    "lloydcodebook": {
        "205a7f65-1ef4-4bd3-a58b-70f287addc36": {
            "complex_adjust0": [
                0.8089040062199295,
                -0.004753404553287505
            ],
            "complex_adjust1": [
                0.1706547392488621,
                -0.43988165936652257
            ],
            "complex_adjust2": [
                -0.1756215201236925,
                0.15442360381645567
            ],
            "complex_adjust3": [
                0.8480292857882523,
                0.4735902299988678
            ]
        },
        "d031b01d-0d6a-44fa-96e1-86c23f30fdce": {
            "complex_adjust0": [
                0.6816721421756262,
                0.0030560401117384014
            ],
            "complex_adjust1": [
                0.5045107820472152,
                -0.18881788302600122
            ],
            "complex_adjust2": [
                0.05423932490260135,
                -0.13177613598896323
            ],
            "complex_adjust3": [
                -0.13878304496193938,
                0.16577781252023124
            ]
        },
        "10d5c64a-9936-4adc-9047-d0e9fbea12f0": {
            "complex_adjust0": [
                0.7799197958401539,
                -0.004514797069795836
            ],
            "complex_adjust1": [
                -0.5063862823800469,
                0.20752455680003012
            ],
            "complex_adjust2": [
                -0.04662528114379716,
                0.13902590675809381
            ],
            "complex_adjust3": [
                0.11250556822436025,
                -0.1792340643902349
            ]
        },
        "50473e98-4471-4956-abf3-59125a6e5d2a": {
            "complex_adjust0": [
                0.6526879317958506,
                0.0032946475952300713
            ],
            "complex_adjust1": [
                -0.17253023958169372,
                0.4585883331405515
            ],
            "complex_adjust2": [
                0.1832355638824967,
                -0.1471738330473251
            ],
            "complex_adjust3": [
                -0.8743067625258314,
                -0.48704648186887145
            ]
        }
    },
    "sets": {
        "8cb760db-e80e-4a46-946c-3bba5534c984": 483,
        "324ba70f-d6ed-4195-a5f9-afe546084550": 3519,
        "f6ee579b-8fd9-4661-810c-4ffa94aa4402": 2992,
        "e0476df8-7cfb-400c-8141-c3e44ed17670": 1006
    },
    "mean_distortion_by_round": {
        "1": {
            "0": 0.8235548425414451,
            "1": 0.8235548425414451,
            "2": 0.8235548425414451,
            "3": 0.8235548425414451,
            "4": 0.8235548425414451,
            "5": 0.8235548425414451,
            "6": 0.8235548425414451,
            "7": 0.8235548425414451,
            "8": 0.8235548425414451,
            "9": 0.8235548425414451,
            "10": 0.8235548425414451,
            "11": 0.8235548425414451,
            "12": 0.8235548425414451,
            "13": 0.8235548425414451,
            "14": 0.8235548425414451,
            "15": 0.8235548425414451,
            "16": 0.8235548425414451,
            "17": 0.8235548425414451,
            "18": 0.8235548425414451,
            "19": 0.8235548425414451
        },
        "2": {
            "0": 0.8094406832657253,
            "1": 0.8094406832657253,
            "2": 0.8094406832657253,
            "3": 0.8094406832657253,
            "4": 0.8094406832657253,
            "5": 0.8094406832657253,
            "6": 0.8094406832657253,
            "7": 0.8094406832657253,
            "8": 0.8094406832657253,
            "9": 0.8094406832657253,
            "10": 0.8094406832657253,
            "11": 0.8094406832657253,
            "12": 0.8094406832657253,
            "13": 0.8094406832657253,
            "14": 0.8094406832657253,
            "15": 0.8094406832657253,
            "16": 0.8094406832657253,
            "17": 0.8094406832657253,
            "18": 0.8094406832657253,
            "19": 0.8094406832657253
        }
    }
}