{
    "instance_id": "6d0cca34-b950-42bb-a143-d9a32fc6a408",
    "num_of_elements": 4,
    "variance_of_samples": 0.1,
    "use_same_samples_for_all": false,
    "initial_alphabet_opt": "unitary_until_num_of_elements",
    "distortion_measure_opt": "mse",
    "num_of_samples": 80,
    "num_of_interactions": 2,
    "random_seed": 368505,
    "dftcodebook": {
        "89d1fb6c-96a1-4b08-becc-319709f35fe5": {
            "complex_adjust0": [
                1.0,
                0.0
            ],
            "complex_adjust1": [
                1.0,
                0.0
            ],
            "complex_adjust2": [
                1.0,
                0.0
            ],
            "complex_adjust3": [
                1.0,
                0.0
            ]
        },
        "353ec770-9030-4aeb-a2d6-abf9a128466c": {
            "complex_adjust0": [
                1.0,
                0.0
            ],
            "complex_adjust1": [
                6.123233995736766e-17,
                1.0
            ],
            "complex_adjust2": [
                -1.0,
                1.2246467991473532e-16
            ],
            "complex_adjust3": [
                -1.8369701987210297e-16,
                -1.0
            ]
        },
        "71f606fc-8d88-4334-a1a7-54fcda130b58": {
            "complex_adjust0": [
                1.0,
                0.0
            ],
            "complex_adjust1": [
                -1.0,
                1.2246467991473532e-16
            ],
            "complex_adjust2": [
                1.0,
                -2.4492935982947064e-16
            ],
            "complex_adjust3": [
                -1.0,
                3.6739403974420594e-16
            ]
        },
        "2fc23fee-6b4d-40fe-8020-2b3c44d3fc36": {
            "complex_adjust0": [
                1.0,
                0.0
            ],
            "complex_adjust1": [
                -1.8369701987210297e-16,
                -1.0
            ],
            "complex_adjust2": [
                -1.0,
                3.6739403974420594e-16
            ],
            "complex_adjust3": [
                5.51091059616309e-16,
                1.0
            ]
        }
    },
    "num_of_levels": 4,
    "lloydcodebook": {
        "b25064f5-d335-4b75-b3a0-209ff4e78f76": {
            "complex_adjust0": [
                0.7165141698329324,
                -0.46350700809062206
            ],
            "complex_adjust1": [
                -0.1826826723341652,
                -0.5159209630506243
            ],
            "complex_adjust2": [
                0.33183776293899814,
                -0.07124311110710704
            ],
            "complex_adjust3": [
                -0.15061989839705478,
                0.5227394955816163
            ]
        },
        "99b1cdcb-ad64-4364-8f64-cc2a893af992": {
            "complex_adjust0": [
                0.970325404264606,
                0.4807264705246924
            ],
            "complex_adjust1": [
                -0.09849308422903638,
                -0.11239576490683673
            ],
            "complex_adjust2": [
                0.0630136365547985,
                0.06595221430276446
            ],
            "complex_adjust3": [
                -0.056196300508182105,
                0.17132495622458538
            ]
        },
        "9c66c817-47d3-4384-854c-12817f10dca8": {
            "complex_adjust0": [
                0.5219033310970124,
                -0.41217443068759996
            ],
            "complex_adjust1": [
                0.15591465512531125,
                0.2536222629184047
            ],
            "complex_adjust2": [
                -0.15095865915895298,
                -0.036209595755179354
            ],
            "complex_adjust3": [
                0.1672986722770593,
                -0.2719204499873381
            ]
        },
        "3d2e8c3b-92a7-4acd-bd63-6a67eb1e5a7b": {
            "complex_adjust0": [
                0.775714565528686,
                0.5320590479277145
            ],
            "complex_adjust1": [
                0.24010424323044008,
                0.6571474610621924
            ],
            "complex_adjust2": [
                -0.4197827855431526,
                0.10098572965469216
            ],
            "complex_adjust3": [
                0.26172227016593197,
                -0.6233349893443689
            ]
        }
    },
    "sets": {
        "3102eaa9-e4ec-4549-89f5-24b519a50f71": 18,
        "0406ccc6-8baa-4164-b31f-01d8ce3e9457": 26,
        "061cefb3-769a-4ff8-8807-4f62b1d47e8e": 26,
        "d3329250-ebcf-4af0-8d9f-ac7a01e65a75": 10
    },
    "mean_distortion_by_round": {
        "1": {
            "0": 0.8390799117673481,
            "1": 0.8390799117673481
        },
        "2": {
            "0": 0.8720878154929362,
            "1": 0.8720878154929362
        }
    }
}