{
    "instance_id": "6f0a7b45-d109-4981-b1f2-c9463e57bcd3",
    "num_of_elements": 4,
    "variance_of_samples": 0.01,
    "use_same_samples_for_all": false,
    "initial_alphabet_opt": "unitary_until_num_of_elements",
    "distortion_measure_opt": "mse",
    "num_of_samples": 80,
    "num_of_interactions": 2,
    "random_seed": 172650,
    "dftcodebook": {
        "1f3542a8-d9b1-4cdf-ac98-0fbf38128677": {
            "complex_adjust0": [
                1.0,
                0.0
            ],
            "complex_adjust1": [
                1.0,
                0.0
            ],
            "complex_adjust2": [
                1.0,
                0.0
            ],
            "complex_adjust3": [
                1.0,
                0.0
            ]
        },
        "1a53c7dc-07ef-4481-b65a-dc845c1c3f8f": {
            "complex_adjust0": [
                1.0,
                0.0
            ],
            "complex_adjust1": [
                6.123233995736766e-17,
                1.0
            ],
            "complex_adjust2": [
                -1.0,
                1.2246467991473532e-16
            ],
            "complex_adjust3": [
                -1.8369701987210297e-16,
                -1.0
            ]
        },
        "056589ec-5252-4ed8-b66f-918db2ce8708": {
            "complex_adjust0": [
                1.0,
                0.0
            ],
            "complex_adjust1": [
                -1.0,
                1.2246467991473532e-16
            ],
            "complex_adjust2": [
                1.0,
                -2.4492935982947064e-16
            ],
            "complex_adjust3": [
                -1.0,
                3.6739403974420594e-16
            ]
        },
        "b0d5cc32-7e51-45eb-8435-2c0390cbf4b6": {
            "complex_adjust0": [
                1.0,
                0.0
            ],
            "complex_adjust1": [
                -1.8369701987210297e-16,
                -1.0
            ],
            "complex_adjust2": [
                -1.0,
                3.6739403974420594e-16
            ],
            "complex_adjust3": [
                5.51091059616309e-16,
                1.0
            ]
        }
    },
    "num_of_levels": 4,
    "lloydcodebook": {
        "1c86ce00-31a6-4351-a7ad-7161c629a0f6": {
            "complex_adjust0": [
                0.5927463120129898,
                0.038862335795372065
            ],
            "complex_adjust1": [
                -0.07155860878779416,
                0.5660810031194901
            ],
            "complex_adjust2": [
                -0.44453012189140956,
                0.06440219845215345
            ],
            "complex_adjust3": [
                -0.1653024314082307,
                -0.5093244863553708
            ]
        },
        "5d401dfb-c2a6-4bc1-b70b-8dd2c62555fb": {
            "complex_adjust0": [
                0.5892714904447504,
                -0.008689392916537595
            ],
            "complex_adjust1": [
                -0.1274066254878811,
                0.4313250611023546
            ],
            "complex_adjust2": [
                -0.3485399463294074,
                -0.07622399656939244
            ],
            "complex_adjust3": [
                -0.03945957085744589,
                -0.43750713605897135
            ]
        },
        "edcf1425-ec64-4f8e-a129-dd621d30ff47": {
            "complex_adjust0": [
                0.8631996754136047,
                0.02984035399419609
            ],
            "complex_adjust1": [
                0.1052628871109418,
                -0.22898914492214395
            ],
            "complex_adjust2": [
                0.19497150440166247,
                0.06124760857312059
            ],
            "complex_adjust3": [
                -0.00219407291428661,
                0.2822555262843101
            ]
        },
        "c24fa5fb-6f6f-4641-9cd3-1798d43dd29e": {
            "complex_adjust0": [
                0.8597248538453652,
                -0.017711374717713568
            ],
            "complex_adjust1": [
                0.049414870410854864,
                -0.3637450869392794
            ],
            "complex_adjust2": [
                0.2909616799636646,
                -0.0793785864484253
            ],
            "complex_adjust3": [
                0.1236487876364982,
                0.35407287658070946
            ]
        }
    },
    "sets": {
        "199dd0df-0c7a-40b9-a78b-446355940416": 10,
        "cbc858d6-ab5c-4ee4-a212-083c3412988c": 10,
        "5f12938d-805a-41f5-83a0-bfbab32dcd4f": 55,
        "a6c717bc-c253-4f4e-b017-633a0c98e4de": 5
    },
    "mean_distortion_by_round": {
        "1": {
            "0": 0.691348489834506,
            "1": 0.691348489834506
        },
        "2": {
            "0": 0.6359598779348363,
            "1": 0.6359598779348363
        }
    }
}