{
    "instance_id": "73b867a4-ca50-4bbe-94ea-c9d35a1cea60",
    "num_of_elements": 4,
    "variance_of_samples": 0.01,
    "use_same_samples_for_all": false,
    "initial_alphabet_opt": "random_from_samples",
    "distortion_measure_opt": "mse",
    "num_of_samples": 80,
    "num_of_interactions": 2,
    "random_seed": 172650,
    "dftcodebook": {
        "775bd1f6-ade4-4aee-b34e-640f3a148fe9": {
            "complex_adjust0": [
                1.0,
                0.0
            ],
            "complex_adjust1": [
                1.0,
                0.0
            ],
            "complex_adjust2": [
                1.0,
                0.0
            ],
            "complex_adjust3": [
                1.0,
                0.0
            ]
        },
        "11a1b11c-452c-4012-b1ea-e8e4b2310c4e": {
            "complex_adjust0": [
                1.0,
                0.0
            ],
            "complex_adjust1": [
                6.123233995736766e-17,
                1.0
            ],
            "complex_adjust2": [
                -1.0,
                1.2246467991473532e-16
            ],
            "complex_adjust3": [
                -1.8369701987210297e-16,
                -1.0
            ]
        },
        "d470fa93-af4c-4f3f-9953-e005bd92b171": {
            "complex_adjust0": [
                1.0,
                0.0
            ],
            "complex_adjust1": [
                -1.0,
                1.2246467991473532e-16
            ],
            "complex_adjust2": [
                1.0,
                -2.4492935982947064e-16
            ],
            "complex_adjust3": [
                -1.0,
                3.6739403974420594e-16
            ]
        },
        "bea09b92-550c-4088-b0f4-51f5aa020625": {
            "complex_adjust0": [
                1.0,
                0.0
            ],
            "complex_adjust1": [
                -1.8369701987210297e-16,
                -1.0
            ],
            "complex_adjust2": [
                -1.0,
                3.6739403974420594e-16
            ],
            "complex_adjust3": [
                5.51091059616309e-16,
                1.0
            ]
        }
    },
    "num_of_levels": 4,
    "lloydcodebook": {
        "7490a905-89b1-4554-8ea6-f8914d2af576": {
            "complex_adjust0": [
                0.48491417743938264,
                0.0026450554256765477
            ],
            "complex_adjust1": [
                -0.48914776442463753,
                -0.05517490873761901
            ],
            "complex_adjust2": [
                0.49675811801308967,
                -0.017154065792446233
            ],
            "complex_adjust3": [
                -0.5226280808334107,
                -0.04835739388681318
            ]
        },
        "2b124fbd-d374-4f70-a350-5c315977f1e2": {
            "complex_adjust0": [
                0.5033575481923692,
                -0.011160475775270153
            ],
            "complex_adjust1": [
                0.535023482208736,
                0.027408936239322113
            ],
            "complex_adjust2": [
                0.4820872910139613,
                -0.04055430892734571
            ],
            "complex_adjust3": [
                0.474814975923243,
                0.0017823206668181742
            ]
        },
        "1edf548d-1a88-42d9-ab45-407a2f5ee79d": {
            "complex_adjust0": [
                0.5193476237870216,
                0.006205783486918748
            ],
            "complex_adjust1": [
                0.013966124223369833,
                -0.5202775623188111
            ],
            "complex_adjust2": [
                -0.48345290038931826,
                -0.018579133734883162
            ],
            "complex_adjust3": [
                0.000965256890534372,
                0.474639775633915
            ]
        },
        "339b1b0c-d517-492f-8533-7a3a1ec41d89": {
            "complex_adjust0": [
                0.43352740805661893,
                -0.026493722854306526
            ],
            "complex_adjust1": [
                0.05751446019575461,
                -0.5000735009050506
            ],
            "complex_adjust2": [
                -0.495796839340166,
                -0.07406095988515564
            ],
            "complex_adjust3": [
                0.07513180905706064,
                0.5486586637090415
            ]
        }
    },
    "sets": {
        "efcd8a1c-8b84-471f-9d5c-4c164cc0d0f0": 23,
        "1c74f23e-d5c9-420c-87ea-8e010a138328": 29,
        "0f237427-cb1e-4891-bf12-9f0d6b5e7711": 27,
        "bd251405-4e55-43dd-bb8c-526efafd97d0": 1
    },
    "mean_distortion_by_round": {
        "1": {
            "0": 0.4855538377079943,
            "1": 0.4855538377079943
        }
    }
}