{
    "instance_id": "74502dde-97a9-4d66-b08f-2fd0b504284b",
    "num_of_elements": 4,
    "variance_of_samples": 0.1,
    "use_same_samples_for_all": false,
    "initial_alphabet_opt": "unitary_until_num_of_elements",
    "distortion_measure_opt": "mse",
    "num_of_samples": 80,
    "num_of_interactions": 2,
    "random_seed": 416511,
    "dftcodebook": {
        "b894a344-5da8-46bf-9f14-b42752a51f9f": {
            "complex_adjust0": [
                1.0,
                0.0
            ],
            "complex_adjust1": [
                1.0,
                0.0
            ],
            "complex_adjust2": [
                1.0,
                0.0
            ],
            "complex_adjust3": [
                1.0,
                0.0
            ]
        },
        "9ef7db28-6b72-4782-a65c-0a982a9d8394": {
            "complex_adjust0": [
                1.0,
                0.0
            ],
            "complex_adjust1": [
                6.123233995736766e-17,
                1.0
            ],
            "complex_adjust2": [
                -1.0,
                1.2246467991473532e-16
            ],
            "complex_adjust3": [
                -1.8369701987210297e-16,
                -1.0
            ]
        },
        "03a5508a-2f3c-4c6f-a070-7260dd2e4e38": {
            "complex_adjust0": [
                1.0,
                0.0
            ],
            "complex_adjust1": [
                -1.0,
                1.2246467991473532e-16
            ],
            "complex_adjust2": [
                1.0,
                -2.4492935982947064e-16
            ],
            "complex_adjust3": [
                -1.0,
                3.6739403974420594e-16
            ]
        },
        "6c28a65f-7cf2-469f-a98c-468767e36bb4": {
            "complex_adjust0": [
                1.0,
                0.0
            ],
            "complex_adjust1": [
                -1.8369701987210297e-16,
                -1.0
            ],
            "complex_adjust2": [
                -1.0,
                3.6739403974420594e-16
            ],
            "complex_adjust3": [
                5.51091059616309e-16,
                1.0
            ]
        }
    },
    "num_of_levels": 4,
    "lloydcodebook": {
        "42c98813-3902-4f10-97df-383de673eb7d": {
            "complex_adjust0": [
                0.6541013065969563,
                -0.032912062902036875
            ],
            "complex_adjust1": [
                0.8492874522632178,
                0.5888781918038817
            ],
            "complex_adjust2": [
                -0.185155320418434,
                -0.05973954857293236
            ],
            "complex_adjust3": [
                0.3460681328316784,
                -0.5712107298941409
            ]
        },
        "11047c77-a5ea-4e77-a9c3-a750e1c08e7a": {
            "complex_adjust0": [
                0.7075320987467555,
                -0.08654141467514817
            ],
            "complex_adjust1": [
                -0.100892770282482,
                0.060514058261400994
            ],
            "complex_adjust2": [
                0.10673260678139426,
                0.10617628129079366
            ],
            "complex_adjust3": [
                0.45660767778678096,
                -0.13397399241143887
            ]
        },
        "714b448d-c2da-41c0-a15a-258547a1bfbe": {
            "complex_adjust0": [
                0.6622550792653211,
                0.001944103883721876
            ],
            "complex_adjust1": [
                0.10338162687522234,
                -0.06812597530362008
            ],
            "complex_adjust2": [
                -0.1463348499879289,
                -0.0746090103706113
            ],
            "complex_adjust3": [
                -0.39510808891811383,
                0.18206276163069024
            ]
        },
        "ff138b29-1219-4f32-ba6d-5f3973e7763c": {
            "complex_adjust0": [
                0.7156858714151203,
                -0.05168524788938943
            ],
            "complex_adjust1": [
                -0.8467985956704774,
                -0.5964901088461008
            ],
            "complex_adjust2": [
                0.14555307721189936,
                0.09130681949311473
            ],
            "complex_adjust3": [
                -0.2845685439630113,
                0.6192994991133923
            ]
        }
    },
    "sets": {
        "51f0585a-009e-4be7-8df2-68f72a41aeba": 9,
        "0e08d308-837f-48ff-8b75-7503b0e0b4be": 31,
        "06e411cf-a32f-4f91-a1e0-84003ece50f8": 38,
        "98114974-2e5b-498b-879a-75433d99b1c0": 2
    },
    "mean_distortion_by_round": {
        "1": {
            "0": 0.7028267269825882,
            "1": 0.7028267269825882
        },
        "2": {
            "0": 0.7801240294699225,
            "1": 0.7801240294699225
        }
    }
}