{
    "instance_id": "78488ede-8aba-46ed-92da-3c524f0e5287",
    "num_of_elements": 4,
    "variance_of_samples": 0.01,
    "use_same_samples_for_all": true,
    "initial_alphabet_opt": "random_from_samples",
    "distortion_measure_opt": "mse",
    "num_of_samples": 8000,
    "num_of_interactions": 20,
    "random_seed": 29826,
    "dftcodebook": {
        "09880ca2-6cd7-4469-8315-ad7cb205195e": {
            "complex_adjust0": [
                1.0,
                0.0
            ],
            "complex_adjust1": [
                1.0,
                0.0
            ],
            "complex_adjust2": [
                1.0,
                0.0
            ],
            "complex_adjust3": [
                1.0,
                0.0
            ]
        },
        "92d3ca14-f449-4917-86f1-a7266f10c29d": {
            "complex_adjust0": [
                1.0,
                0.0
            ],
            "complex_adjust1": [
                6.123233995736766e-17,
                1.0
            ],
            "complex_adjust2": [
                -1.0,
                1.2246467991473532e-16
            ],
            "complex_adjust3": [
                -1.8369701987210297e-16,
                -1.0
            ]
        },
        "044d1d79-cf56-40fb-a946-ef06c8919d88": {
            "complex_adjust0": [
                1.0,
                0.0
            ],
            "complex_adjust1": [
                -1.0,
                1.2246467991473532e-16
            ],
            "complex_adjust2": [
                1.0,
                -2.4492935982947064e-16
            ],
            "complex_adjust3": [
                -1.0,
                3.6739403974420594e-16
            ]
        },
        "3f157436-3971-499a-8e43-4571caee2f49": {
            "complex_adjust0": [
                1.0,
                0.0
            ],
            "complex_adjust1": [
                -1.8369701987210297e-16,
                -1.0
            ],
            "complex_adjust2": [
                -1.0,
                3.6739403974420594e-16
            ],
            "complex_adjust3": [
                5.51091059616309e-16,
                1.0
            ]
        }
    },
    "num_of_levels": 4,
    "lloydcodebook": {
        "3ad97b0b-6f84-4c1a-9419-f022f4fc119d": {
            "complex_adjust0": [
                0.47559855667821277,
                -0.03612327409172269
            ],
            "complex_adjust1": [
                0.029796969755880295,
                0.46661702394525456
            ],
            "complex_adjust2": [
                -0.49501379125655204,
                0.023802426745314267
            ],
            "complex_adjust3": [
                -0.026296131724480015,
                -0.5546035700529822
            ]
        },
        "bf3ddbea-daa6-4964-94db-834ba2e1cd2b": {
            "complex_adjust0": [
                0.5317486796736478,
                0.017600088504538088
            ],
            "complex_adjust1": [
                0.44422657382366626,
                -0.03363256285034476
            ],
            "complex_adjust2": [
                0.536283167048456,
                0.0022159931406689893
            ],
            "complex_adjust3": [
                0.4790071812504222,
                0.03758663060680945
            ]
        },
        "c2cc89ac-413d-4d1d-bba0-355910c69637": {
            "complex_adjust0": [
                0.5151521472079729,
                0.018944832429272942
            ],
            "complex_adjust1": [
                0.006463286682445074,
                0.5020022810366206
            ],
            "complex_adjust2": [
                -0.46687796621342353,
                -0.02192186884666854
            ],
            "complex_adjust3": [
                0.03277446693536056,
                -0.5125246579027413
            ]
        },
        "8c469e27-d297-4265-9e61-195a96dbd563": {
            "complex_adjust0": [
                0.4875399949081626,
                0.013143910087930822
            ],
            "complex_adjust1": [
                -0.4039565932309256,
                0.04325575270390466
            ],
            "complex_adjust2": [
                0.5102007202038522,
                -0.018784375705328153
            ],
            "complex_adjust3": [
                -0.5799535953708888,
                -0.00872932901449863
            ]
        }
    },
    "sets": {
        "ab9f02dd-a315-42f9-b630-dd98aaa7a495": 629,
        "e926c373-5dee-4021-9db4-74ee88d8424f": 3587,
        "8b7bcdb4-c108-4f1a-8658-17bfffde88ad": 1663,
        "658e517e-80e3-4e2c-a86c-0a6f34f133e6": 2121
    },
    "mean_distortion_by_round": {
        "1": {
            "0": 0.49459471434804947,
            "1": 0.49459471434804947,
            "2": 0.49459471434804947,
            "3": 0.49459471434804947,
            "4": 0.49459471434804947,
            "5": 0.49459471434804947,
            "6": 0.49459471434804947,
            "7": 0.49459471434804947,
            "8": 0.49459471434804947,
            "9": 0.49459471434804947,
            "10": 0.49459471434804947,
            "11": 0.49459471434804947,
            "12": 0.49459471434804947,
            "13": 0.49459471434804947,
            "14": 0.49459471434804947,
            "15": 0.49459471434804947,
            "16": 0.49459471434804947,
            "17": 0.49459471434804947,
            "18": 0.49459471434804947,
            "19": 0.49459471434804947
        }
    }
}