{
    "instance_id": "957e8962-dd3b-44e5-8a60-42fbc89eed26",
    "num_of_elements": 4,
    "variance_of_samples": 0.1,
    "use_same_samples_for_all": true,
    "initial_alphabet_opt": "unitary_until_num_of_elements",
    "distortion_measure_opt": "mse",
    "num_of_samples": 8000,
    "num_of_interactions": 20,
    "random_seed": 86063,
    "dftcodebook": {
        "43cc9ed7-ff75-4abf-b33a-a5d7d4b8fa10": {
            "complex_adjust0": [
                1.0,
                0.0
            ],
            "complex_adjust1": [
                1.0,
                0.0
            ],
            "complex_adjust2": [
                1.0,
                0.0
            ],
            "complex_adjust3": [
                1.0,
                0.0
            ]
        },
        "12c8e87d-f7da-468d-a7fc-05a384bdd978": {
            "complex_adjust0": [
                1.0,
                0.0
            ],
            "complex_adjust1": [
                6.123233995736766e-17,
                1.0
            ],
            "complex_adjust2": [
                -1.0,
                1.2246467991473532e-16
            ],
            "complex_adjust3": [
                -1.8369701987210297e-16,
                -1.0
            ]
        },
        "9b8f2b95-582f-40a7-b0d9-55731f0703ef": {
            "complex_adjust0": [
                1.0,
                0.0
            ],
            "complex_adjust1": [
                -1.0,
                1.2246467991473532e-16
            ],
            "complex_adjust2": [
                1.0,
                -2.4492935982947064e-16
            ],
            "complex_adjust3": [
                -1.0,
                3.6739403974420594e-16
            ]
        },
        "df3afecf-42ec-4870-bd3d-0191acf09be4": {
            "complex_adjust0": [
                1.0,
                0.0
            ],
            "complex_adjust1": [
                -1.8369701987210297e-16,
                -1.0
            ],
            "complex_adjust2": [
                -1.0,
                3.6739403974420594e-16
            ],
            "complex_adjust3": [
                5.51091059616309e-16,
                1.0
            ]
        }
    },
    "num_of_levels": 4,
    "lloydcodebook": {
        "b5983b5f-b0f8-4b29-95ae-af5454d53690": {
            "complex_adjust0": [
                0.8089040062199295,
                -0.004753404553287505
            ],
            "complex_adjust1": [
                0.1706547392488621,
                -0.43988165936652257
            ],
            "complex_adjust2": [
                -0.1756215201236925,
                0.15442360381645567
            ],
            "complex_adjust3": [
                0.8480292857882523,
                0.4735902299988678
            ]
        },
        "bfc2e058-ab52-4526-b134-29c78cf270ce": {
            "complex_adjust0": [
                0.6816721421756262,
                0.0030560401117384014
            ],
            "complex_adjust1": [
                0.5045107820472152,
                -0.18881788302600122
            ],
            "complex_adjust2": [
                0.05423932490260135,
                -0.13177613598896323
            ],
            "complex_adjust3": [
                -0.13878304496193938,
                0.16577781252023124
            ]
        },
        "5b28d725-ff76-4abb-9803-a60f88406868": {
            "complex_adjust0": [
                0.7799197958401539,
                -0.004514797069795836
            ],
            "complex_adjust1": [
                -0.5063862823800469,
                0.20752455680003012
            ],
            "complex_adjust2": [
                -0.04662528114379716,
                0.13902590675809381
            ],
            "complex_adjust3": [
                0.11250556822436025,
                -0.1792340643902349
            ]
        },
        "90ec7917-b209-48f1-8ce8-26d02036e474": {
            "complex_adjust0": [
                0.6526879317958506,
                0.0032946475952300713
            ],
            "complex_adjust1": [
                -0.17253023958169372,
                0.4585883331405515
            ],
            "complex_adjust2": [
                0.1832355638824967,
                -0.1471738330473251
            ],
            "complex_adjust3": [
                -0.8743067625258314,
                -0.48704648186887145
            ]
        }
    },
    "sets": {
        "858f6c02-ff21-45f3-a00f-634de2ba6a46": 483,
        "8adbfea9-8c62-4c65-9113-cf77532cef03": 3519,
        "07330051-3e6e-49e9-b98d-ac5396e6e918": 2992,
        "3ba58719-4efd-4d25-95a1-716cc697cd98": 1006
    },
    "mean_distortion_by_round": {
        "1": {
            "0": 0.8235548425414451,
            "1": 0.8235548425414451,
            "2": 0.8235548425414451,
            "3": 0.8235548425414451,
            "4": 0.8235548425414451,
            "5": 0.8235548425414451,
            "6": 0.8235548425414451,
            "7": 0.8235548425414451,
            "8": 0.8235548425414451,
            "9": 0.8235548425414451,
            "10": 0.8235548425414451,
            "11": 0.8235548425414451,
            "12": 0.8235548425414451,
            "13": 0.8235548425414451,
            "14": 0.8235548425414451,
            "15": 0.8235548425414451,
            "16": 0.8235548425414451,
            "17": 0.8235548425414451,
            "18": 0.8235548425414451,
            "19": 0.8235548425414451
        },
        "2": {
            "0": 0.8094406832657253,
            "1": 0.8094406832657253,
            "2": 0.8094406832657253,
            "3": 0.8094406832657253,
            "4": 0.8094406832657253,
            "5": 0.8094406832657253,
            "6": 0.8094406832657253,
            "7": 0.8094406832657253,
            "8": 0.8094406832657253,
            "9": 0.8094406832657253,
            "10": 0.8094406832657253,
            "11": 0.8094406832657253,
            "12": 0.8094406832657253,
            "13": 0.8094406832657253,
            "14": 0.8094406832657253,
            "15": 0.8094406832657253,
            "16": 0.8094406832657253,
            "17": 0.8094406832657253,
            "18": 0.8094406832657253,
            "19": 0.8094406832657253
        }
    }
}