{
    "instance_id": "9b00b5c7-3221-489e-8e93-ff2534f8ddba",
    "num_of_elements": 4,
    "variance_of_samples": 0.1,
    "use_same_samples_for_all": true,
    "initial_alphabet_opt": "unitary_until_num_of_elements",
    "distortion_measure_opt": "mse",
    "num_of_samples": 8000,
    "num_of_interactions": 20,
    "random_seed": 86063,
    "dftcodebook": {
        "3d8e70a7-368c-4867-952e-fcb55568f3c4": {
            "complex_adjust0": [
                1.0,
                0.0
            ],
            "complex_adjust1": [
                1.0,
                0.0
            ],
            "complex_adjust2": [
                1.0,
                0.0
            ],
            "complex_adjust3": [
                1.0,
                0.0
            ]
        },
        "90d450f0-9646-4ea6-abc2-fc441cda3166": {
            "complex_adjust0": [
                1.0,
                0.0
            ],
            "complex_adjust1": [
                6.123233995736766e-17,
                1.0
            ],
            "complex_adjust2": [
                -1.0,
                1.2246467991473532e-16
            ],
            "complex_adjust3": [
                -1.8369701987210297e-16,
                -1.0
            ]
        },
        "ea7fc355-8c80-4921-b357-c506e306f358": {
            "complex_adjust0": [
                1.0,
                0.0
            ],
            "complex_adjust1": [
                -1.0,
                1.2246467991473532e-16
            ],
            "complex_adjust2": [
                1.0,
                -2.4492935982947064e-16
            ],
            "complex_adjust3": [
                -1.0,
                3.6739403974420594e-16
            ]
        },
        "7618acfa-203d-4052-9f87-f95c8431060b": {
            "complex_adjust0": [
                1.0,
                0.0
            ],
            "complex_adjust1": [
                -1.8369701987210297e-16,
                -1.0
            ],
            "complex_adjust2": [
                -1.0,
                3.6739403974420594e-16
            ],
            "complex_adjust3": [
                5.51091059616309e-16,
                1.0
            ]
        }
    },
    "num_of_levels": 4,
    "lloydcodebook": {
        "25acaa29-0fd1-4f67-9de8-eb5ee97f969d": {
            "complex_adjust0": [
                0.8089040062199295,
                -0.004753404553287505
            ],
            "complex_adjust1": [
                0.1706547392488621,
                -0.43988165936652257
            ],
            "complex_adjust2": [
                -0.1756215201236925,
                0.15442360381645567
            ],
            "complex_adjust3": [
                0.8480292857882523,
                0.4735902299988678
            ]
        },
        "adbf5d3e-8dfd-4aec-a5cb-02e362857a3a": {
            "complex_adjust0": [
                0.6816721421756262,
                0.0030560401117384014
            ],
            "complex_adjust1": [
                0.5045107820472152,
                -0.18881788302600122
            ],
            "complex_adjust2": [
                0.05423932490260135,
                -0.13177613598896323
            ],
            "complex_adjust3": [
                -0.13878304496193938,
                0.16577781252023124
            ]
        },
        "24873d4f-bb77-4830-9255-a1b93acde419": {
            "complex_adjust0": [
                0.7799197958401539,
                -0.004514797069795836
            ],
            "complex_adjust1": [
                -0.5063862823800469,
                0.20752455680003012
            ],
            "complex_adjust2": [
                -0.04662528114379716,
                0.13902590675809381
            ],
            "complex_adjust3": [
                0.11250556822436025,
                -0.1792340643902349
            ]
        },
        "37809461-bc8d-456e-bd38-705f6b44c52b": {
            "complex_adjust0": [
                0.6526879317958506,
                0.0032946475952300713
            ],
            "complex_adjust1": [
                -0.17253023958169372,
                0.4585883331405515
            ],
            "complex_adjust2": [
                0.1832355638824967,
                -0.1471738330473251
            ],
            "complex_adjust3": [
                -0.8743067625258314,
                -0.48704648186887145
            ]
        }
    },
    "sets": {
        "16d6a9e4-6ba9-4c02-9a67-707965a6cff0": 483,
        "6d67bb0b-70e0-4dc6-aa62-c22af0d97677": 3519,
        "f913261a-00bc-431e-9461-067280de43c8": 2992,
        "2db4d784-039d-4483-b7b3-a3fb729f5eaa": 1006
    },
    "mean_distortion_by_round": {
        "1": {
            "0": 0.8235548425414451,
            "1": 0.8235548425414451,
            "2": 0.8235548425414451,
            "3": 0.8235548425414451,
            "4": 0.8235548425414451,
            "5": 0.8235548425414451,
            "6": 0.8235548425414451,
            "7": 0.8235548425414451,
            "8": 0.8235548425414451,
            "9": 0.8235548425414451,
            "10": 0.8235548425414451,
            "11": 0.8235548425414451,
            "12": 0.8235548425414451,
            "13": 0.8235548425414451,
            "14": 0.8235548425414451,
            "15": 0.8235548425414451,
            "16": 0.8235548425414451,
            "17": 0.8235548425414451,
            "18": 0.8235548425414451,
            "19": 0.8235548425414451
        },
        "2": {
            "0": 0.8094406832657253,
            "1": 0.8094406832657253,
            "2": 0.8094406832657253,
            "3": 0.8094406832657253,
            "4": 0.8094406832657253,
            "5": 0.8094406832657253,
            "6": 0.8094406832657253,
            "7": 0.8094406832657253,
            "8": 0.8094406832657253,
            "9": 0.8094406832657253,
            "10": 0.8094406832657253,
            "11": 0.8094406832657253,
            "12": 0.8094406832657253,
            "13": 0.8094406832657253,
            "14": 0.8094406832657253,
            "15": 0.8094406832657253,
            "16": 0.8094406832657253,
            "17": 0.8094406832657253,
            "18": 0.8094406832657253,
            "19": 0.8094406832657253
        }
    }
}