{
    "instance_id": "a1cd207a-d6be-4827-a140-4ae4cf0f3dcf",
    "num_of_elements": 4,
    "variance_of_samples": 0.01,
    "use_same_samples_for_all": false,
    "initial_alphabet_opt": "unitary_until_num_of_elements",
    "distortion_measure_opt": "mse",
    "num_of_samples": 80,
    "num_of_interactions": 2,
    "random_seed": 172650,
    "dftcodebook": {
        "4d43183a-2a2e-4dd6-b67f-c14aef1c56e5": {
            "complex_adjust0": [
                1.0,
                0.0
            ],
            "complex_adjust1": [
                1.0,
                0.0
            ],
            "complex_adjust2": [
                1.0,
                0.0
            ],
            "complex_adjust3": [
                1.0,
                0.0
            ]
        },
        "bbde3e27-c529-49ca-9362-fe5d49f694d7": {
            "complex_adjust0": [
                1.0,
                0.0
            ],
            "complex_adjust1": [
                6.123233995736766e-17,
                1.0
            ],
            "complex_adjust2": [
                -1.0,
                1.2246467991473532e-16
            ],
            "complex_adjust3": [
                -1.8369701987210297e-16,
                -1.0
            ]
        },
        "3668e386-d4d3-4fe8-975e-87565fddec63": {
            "complex_adjust0": [
                1.0,
                0.0
            ],
            "complex_adjust1": [
                -1.0,
                1.2246467991473532e-16
            ],
            "complex_adjust2": [
                1.0,
                -2.4492935982947064e-16
            ],
            "complex_adjust3": [
                -1.0,
                3.6739403974420594e-16
            ]
        },
        "5db37b60-7447-481b-9f33-7f4a6d399c9c": {
            "complex_adjust0": [
                1.0,
                0.0
            ],
            "complex_adjust1": [
                -1.8369701987210297e-16,
                -1.0
            ],
            "complex_adjust2": [
                -1.0,
                3.6739403974420594e-16
            ],
            "complex_adjust3": [
                5.51091059616309e-16,
                1.0
            ]
        }
    },
    "num_of_levels": 4,
    "lloydcodebook": {
        "6b984a8a-84da-4ab7-a5fa-f83e9501226f": {
            "complex_adjust0": [
                0.5927463120129898,
                0.038862335795372065
            ],
            "complex_adjust1": [
                -0.07155860878779416,
                0.5660810031194901
            ],
            "complex_adjust2": [
                -0.44453012189140956,
                0.06440219845215345
            ],
            "complex_adjust3": [
                -0.1653024314082307,
                -0.5093244863553708
            ]
        },
        "fc6a1abe-a271-4b87-a169-2f8ed3fb3266": {
            "complex_adjust0": [
                0.5892714904447504,
                -0.008689392916537595
            ],
            "complex_adjust1": [
                -0.1274066254878811,
                0.4313250611023546
            ],
            "complex_adjust2": [
                -0.3485399463294074,
                -0.07622399656939244
            ],
            "complex_adjust3": [
                -0.03945957085744589,
                -0.43750713605897135
            ]
        },
        "c8a28257-62d7-4cd9-938d-39daee448127": {
            "complex_adjust0": [
                0.8631996754136047,
                0.02984035399419609
            ],
            "complex_adjust1": [
                0.1052628871109418,
                -0.22898914492214395
            ],
            "complex_adjust2": [
                0.19497150440166247,
                0.06124760857312059
            ],
            "complex_adjust3": [
                -0.00219407291428661,
                0.2822555262843101
            ]
        },
        "174da29c-0d13-4735-a021-d1136579ff0c": {
            "complex_adjust0": [
                0.8597248538453652,
                -0.017711374717713568
            ],
            "complex_adjust1": [
                0.049414870410854864,
                -0.3637450869392794
            ],
            "complex_adjust2": [
                0.2909616799636646,
                -0.0793785864484253
            ],
            "complex_adjust3": [
                0.1236487876364982,
                0.35407287658070946
            ]
        }
    },
    "sets": {
        "471e18e7-afc0-4294-8ca2-4d5bb8f2853d": 10,
        "cd0d470a-1659-4754-a2c0-769ccedc6872": 10,
        "1c4d5057-6a0e-4c1b-98cb-a1253045619c": 55,
        "d0afb431-895d-4af6-9035-962d1a3e8df3": 5
    },
    "mean_distortion_by_round": {
        "1": {
            "0": 0.691348489834506,
            "1": 0.691348489834506
        },
        "2": {
            "0": 0.6359598779348363,
            "1": 0.6359598779348363
        }
    }
}