{
    "instance_id": "b35c0a76-da2d-4d15-93d1-1ea7c4d7ffbb",
    "num_of_elements": 4,
    "variance_of_samples": 0.01,
    "use_same_samples_for_all": true,
    "initial_alphabet_opt": "unitary_until_num_of_elements",
    "distortion_measure_opt": "mse",
    "num_of_samples": 8000,
    "num_of_interactions": 20,
    "random_seed": 86063,
    "dftcodebook": {
        "754174f1-d497-45c2-8b62-9d949f03f7e0": {
            "complex_adjust0": [
                1.0,
                0.0
            ],
            "complex_adjust1": [
                1.0,
                0.0
            ],
            "complex_adjust2": [
                1.0,
                0.0
            ],
            "complex_adjust3": [
                1.0,
                0.0
            ]
        },
        "24f52606-b0f8-47d6-a680-cb401972f0ad": {
            "complex_adjust0": [
                1.0,
                0.0
            ],
            "complex_adjust1": [
                6.123233995736766e-17,
                1.0
            ],
            "complex_adjust2": [
                -1.0,
                1.2246467991473532e-16
            ],
            "complex_adjust3": [
                -1.8369701987210297e-16,
                -1.0
            ]
        },
        "aea49ce3-77bb-4c89-a586-9bc4260cbb02": {
            "complex_adjust0": [
                1.0,
                0.0
            ],
            "complex_adjust1": [
                -1.0,
                1.2246467991473532e-16
            ],
            "complex_adjust2": [
                1.0,
                -2.4492935982947064e-16
            ],
            "complex_adjust3": [
                -1.0,
                3.6739403974420594e-16
            ]
        },
        "c57eb860-44ec-471e-876f-3136bbe84cb9": {
            "complex_adjust0": [
                1.0,
                0.0
            ],
            "complex_adjust1": [
                -1.8369701987210297e-16,
                -1.0
            ],
            "complex_adjust2": [
                -1.0,
                3.6739403974420594e-16
            ],
            "complex_adjust3": [
                5.51091059616309e-16,
                1.0
            ]
        }
    },
    "num_of_levels": 4,
    "lloydcodebook": {
        "25abc1e0-1cab-495d-9465-6dd53ed011c7": {
            "complex_adjust0": [
                0.7285215275290909,
                -0.0013626850871828562
            ],
            "complex_adjust1": [
                0.30177005579039273,
                -0.39163794085148373
            ],
            "complex_adjust2": [
                -0.03647941887659565,
                0.047140376566447845
            ],
            "complex_adjust3": [
                0.5074302681985828,
                0.4023684404425563
            ]
        },
        "ef47b871-d175-4e8f-851c-c183c7933ef7": {
            "complex_adjust0": [
                0.6882872793962028,
                0.0011068781530703996
            ],
            "complex_adjust1": [
                0.40734460637573777,
                -0.3122446037315696
            ],
            "complex_adjust2": [
                0.03620896264081185,
                -0.043363927786820064
            ],
            "complex_adjust3": [
                0.19537280936758072,
                0.30502960731104484
            ]
        },
        "c78c1919-e059-41d6-91db-5eb74d6c54f1": {
            "complex_adjust0": [
                0.7276461834387199,
                -0.0016008146482936955
            ],
            "complex_adjust1": [
                -0.4039713710511431,
                0.3138329286988914
            ],
            "complex_adjust2": [
                -0.034926788636064444,
                0.04567561909759695
            ],
            "complex_adjust3": [
                -0.19891822421694516,
                -0.3050246923277095
            ]
        },
        "d87add75-fb70-4d8f-a4e3-8ae21cccdff0": {
            "complex_adjust0": [
                0.6874119353058318,
                0.0008687485919595602
            ],
            "complex_adjust1": [
                -0.2983968204657981,
                0.39322626581880554
            ],
            "complex_adjust2": [
                0.03776159288134306,
                -0.04482868525567096
            ],
            "complex_adjust3": [
                -0.5109756830479473,
                -0.402363525459221
            ]
        }
    },
    "sets": {
        "3b3f735e-af3c-45a9-8892-cd7c538a386f": 107,
        "780eb359-8d81-464e-ab92-23fb36e55ec3": 3893,
        "f53904fe-2078-4062-a400-e22464368c0c": 2371,
        "969dd7c5-e8ca-4ba5-9578-42cf7b73e0a8": 1629
    },
    "mean_distortion_by_round": {
        "1": {
            "0": 0.6914076294763017,
            "1": 0.6914076294763017,
            "2": 0.6914076294763017,
            "3": 0.6914076294763017,
            "4": 0.6914076294763017,
            "5": 0.6914076294763017,
            "6": 0.6914076294763017,
            "7": 0.6914076294763017,
            "8": 0.6914076294763017,
            "9": 0.6914076294763017,
            "10": 0.6914076294763017,
            "11": 0.6914076294763017,
            "12": 0.6914076294763017,
            "13": 0.6914076294763017,
            "14": 0.6914076294763017,
            "15": 0.6914076294763017,
            "16": 0.6914076294763017,
            "17": 0.6914076294763017,
            "18": 0.6914076294763017,
            "19": 0.6914076294763017
        },
        "2": {
            "0": 0.5810332972245106,
            "1": 0.5810332972245106,
            "2": 0.5810332972245106,
            "3": 0.5810332972245106,
            "4": 0.5810332972245106,
            "5": 0.5810332972245106,
            "6": 0.5810332972245106,
            "7": 0.5810332972245106,
            "8": 0.5810332972245106,
            "9": 0.5810332972245106,
            "10": 0.5810332972245106,
            "11": 0.5810332972245106,
            "12": 0.5810332972245106,
            "13": 0.5810332972245106,
            "14": 0.5810332972245106,
            "15": 0.5810332972245106,
            "16": 0.5810332972245106,
            "17": 0.5810332972245106,
            "18": 0.5810332972245106,
            "19": 0.5810332972245106
        }
    }
}