{
    "instance_id": "bc03a3a4-6c4f-4f2a-968b-10e2842de90a",
    "num_of_elements": 4,
    "variance_of_samples": 0.01,
    "use_same_samples_for_all": false,
    "initial_alphabet_opt": "unitary_until_num_of_elements",
    "distortion_measure_opt": "mse",
    "num_of_samples": 80,
    "num_of_interactions": 2,
    "random_seed": 109269,
    "dftcodebook": {
        "49d84d05-03fa-4614-b655-756c869ec2b3": {
            "complex_adjust0": [
                1.0,
                0.0
            ],
            "complex_adjust1": [
                1.0,
                0.0
            ],
            "complex_adjust2": [
                1.0,
                0.0
            ],
            "complex_adjust3": [
                1.0,
                0.0
            ]
        },
        "69aa4261-2171-4c42-b5b4-862de8251899": {
            "complex_adjust0": [
                1.0,
                0.0
            ],
            "complex_adjust1": [
                6.123233995736766e-17,
                1.0
            ],
            "complex_adjust2": [
                -1.0,
                1.2246467991473532e-16
            ],
            "complex_adjust3": [
                -1.8369701987210297e-16,
                -1.0
            ]
        },
        "1e1d6b13-16b6-4b97-bb72-3785eae72bbd": {
            "complex_adjust0": [
                1.0,
                0.0
            ],
            "complex_adjust1": [
                -1.0,
                1.2246467991473532e-16
            ],
            "complex_adjust2": [
                1.0,
                -2.4492935982947064e-16
            ],
            "complex_adjust3": [
                -1.0,
                3.6739403974420594e-16
            ]
        },
        "ba1f96b7-049f-4d77-87b0-f125ae79febd": {
            "complex_adjust0": [
                1.0,
                0.0
            ],
            "complex_adjust1": [
                -1.8369701987210297e-16,
                -1.0
            ],
            "complex_adjust2": [
                -1.0,
                3.6739403974420594e-16
            ],
            "complex_adjust3": [
                5.51091059616309e-16,
                1.0
            ]
        }
    },
    "num_of_levels": 4,
    "lloydcodebook": {
        "4b71ea3c-2544-44e9-9a17-3981f4e1a9ff": {
            "complex_adjust0": [
                0.8201478149752466,
                -0.09846014007589485
            ],
            "complex_adjust1": [
                0.24846859772741625,
                -0.026172082032641333
            ],
            "complex_adjust2": [
                -0.6588185823964331,
                -0.12734673896349688
            ],
            "complex_adjust3": [
                0.18403984035016896,
                -0.060285109413344
            ]
        },
        "adfb05b3-e8fb-446e-abd5-3703a44b877c": {
            "complex_adjust0": [
                0.8139728809259499,
                0.08139278324771182
            ],
            "complex_adjust1": [
                0.05959765050127071,
                0.0005978807336820009
            ],
            "complex_adjust2": [
                -0.4069173101751796,
                0.10450513926032609
            ],
            "complex_adjust3": [
                0.1268026718297957,
                0.03093200535692857
            ]
        },
        "568cc2be-d79c-43a4-b8a5-e169d8bcf7e5": {
            "complex_adjust0": [
                0.6821923039146366,
                -0.08970917017275089
            ],
            "complex_adjust1": [
                -0.10688525636313344,
                -0.010427612408241459
            ],
            "complex_adjust2": [
                0.5523446041897364,
                -0.10956366722125929
            ],
            "complex_adjust3": [
                -0.1666496227574692,
                -0.05042589669192993
            ]
        },
        "58c20932-048c-4485-8c44-8425fb61378e": {
            "complex_adjust0": [
                0.6760173698653399,
                0.09014375315085578
            ],
            "complex_adjust1": [
                -0.29575620358927895,
                0.01634235035808187
            ],
            "complex_adjust2": [
                0.8042458764109899,
                0.12228821100256368
            ],
            "complex_adjust3": [
                -0.22388679127784245,
                0.04079121807834264
            ]
        }
    },
    "sets": {
        "1055d40b-82e8-44de-af95-8075b65b2e22": 2,
        "fa61177c-e9e6-4959-a6ce-5a1de620c8dd": 38,
        "88012025-33b7-43c5-8fbc-0c8003551a35": 21,
        "cee1c860-1f9a-45c0-94ed-c51e71ac270f": 19
    },
    "mean_distortion_by_round": {
        "1": {
            "0": 0.6729348095425203,
            "1": 0.6729348095425203
        },
        "2": {
            "0": 0.614218377114913,
            "1": 0.614218377114913
        }
    }
}