{
    "instance_id": "c103e252-01d5-43a4-8c5c-d65d1e682b8c",
    "num_of_elements": 4,
    "variance_of_samples": 0.01,
    "use_same_samples_for_all": false,
    "initial_alphabet_opt": "random_from_samples",
    "distortion_measure_opt": "mse",
    "num_of_samples": 80,
    "num_of_interactions": 2,
    "random_seed": 340956,
    "dftcodebook": {
        "513eda7b-af5c-4298-9317-53903b6baad7": {
            "complex_adjust0": [
                1.0,
                0.0
            ],
            "complex_adjust1": [
                1.0,
                0.0
            ],
            "complex_adjust2": [
                1.0,
                0.0
            ],
            "complex_adjust3": [
                1.0,
                0.0
            ]
        },
        "c9992454-5a3a-41c7-959e-375399c5a8a8": {
            "complex_adjust0": [
                1.0,
                0.0
            ],
            "complex_adjust1": [
                6.123233995736766e-17,
                1.0
            ],
            "complex_adjust2": [
                -1.0,
                1.2246467991473532e-16
            ],
            "complex_adjust3": [
                -1.8369701987210297e-16,
                -1.0
            ]
        },
        "c55b0d54-5aa5-402b-a47a-097423a0b6d8": {
            "complex_adjust0": [
                1.0,
                0.0
            ],
            "complex_adjust1": [
                -1.0,
                1.2246467991473532e-16
            ],
            "complex_adjust2": [
                1.0,
                -2.4492935982947064e-16
            ],
            "complex_adjust3": [
                -1.0,
                3.6739403974420594e-16
            ]
        },
        "a258e7e8-d4c9-4963-9188-ce43b828d9e5": {
            "complex_adjust0": [
                1.0,
                0.0
            ],
            "complex_adjust1": [
                -1.8369701987210297e-16,
                -1.0
            ],
            "complex_adjust2": [
                -1.0,
                3.6739403974420594e-16
            ],
            "complex_adjust3": [
                5.51091059616309e-16,
                1.0
            ]
        }
    },
    "num_of_levels": 4,
    "lloydcodebook": {
        "42da8dec-34fd-4b9f-b8d4-214ae402ef83": {
            "complex_adjust0": [
                0.5171730404129701,
                -0.009104745695332192
            ],
            "complex_adjust1": [
                -0.005207542084347304,
                -0.5009697465476458
            ],
            "complex_adjust2": [
                -0.44343203329141934,
                0.012330168210987218
            ],
            "complex_adjust3": [
                0.009771618432349952,
                0.533452770825491
            ]
        },
        "912a48d9-96c0-47dc-9d6e-1f41549b8696": {
            "complex_adjust0": [
                0.5218077039981174,
                0.10785484076803016
            ],
            "complex_adjust1": [
                0.4612021864020712,
                0.04255233014040186
            ],
            "complex_adjust2": [
                0.5217905209727453,
                -0.03500643443237433
            ],
            "complex_adjust3": [
                0.47753296327828054,
                0.0061128211714774104
            ]
        },
        "0d5b8bd1-b9d5-4429-9c4e-ea80b938674e": {
            "complex_adjust0": [
                0.49745154466486924,
                0.02088265108236917
            ],
            "complex_adjust1": [
                0.5323948276279084,
                -0.030956507696927208
            ],
            "complex_adjust2": [
                0.4540968251369743,
                0.03737866256184533
            ],
            "complex_adjust3": [
                0.5035188107034546,
                0.08106191457123145
            ]
        },
        "a552512b-fb34-47b9-b4cb-481b214b6dac": {
            "complex_adjust0": [
                0.47309545435107786,
                -0.08166462042222807
            ],
            "complex_adjust1": [
                0.034619587469908904,
                0.5059498809680157
            ],
            "complex_adjust2": [
                -0.4959392273373384,
                0.0051003364725455535
            ],
            "complex_adjust3": [
                0.01803325719226544,
                -0.515772094966811
            ]
        }
    },
    "sets": {
        "d34cf695-9bfa-4c2b-93c5-83d0df1f322f": 30,
        "a58c221c-cf07-4b53-a037-7a782f051f9c": 22,
        "1a4ea79c-77c0-4d23-b387-bbb53f3a0e8d": 8,
        "79b5489a-da45-474c-beef-29e73bc55362": 20
    },
    "mean_distortion_by_round": {
        "1": {
            "0": 0.47735165806503516,
            "1": 0.47735165806503516
        }
    }
}