{
    "instance_id": "c639bd2f-57fb-42c6-b4c9-dedbc99b7bc2",
    "num_of_elements": 4,
    "variance_of_samples": 0.1,
    "use_same_samples_for_all": false,
    "initial_alphabet_opt": "unitary_until_num_of_elements",
    "distortion_measure_opt": "mse",
    "num_of_samples": 80,
    "num_of_interactions": 2,
    "random_seed": 287318,
    "dftcodebook": {
        "aa3a8515-e397-4843-872e-af1a24033020": {
            "complex_adjust0": [
                1.0,
                0.0
            ],
            "complex_adjust1": [
                1.0,
                0.0
            ],
            "complex_adjust2": [
                1.0,
                0.0
            ],
            "complex_adjust3": [
                1.0,
                0.0
            ]
        },
        "a75d8d50-1e76-453f-abe3-86d52da6bac1": {
            "complex_adjust0": [
                1.0,
                0.0
            ],
            "complex_adjust1": [
                6.123233995736766e-17,
                1.0
            ],
            "complex_adjust2": [
                -1.0,
                1.2246467991473532e-16
            ],
            "complex_adjust3": [
                -1.8369701987210297e-16,
                -1.0
            ]
        },
        "cf4acf86-e47f-4b3a-93a6-d2b13f01cf1c": {
            "complex_adjust0": [
                1.0,
                0.0
            ],
            "complex_adjust1": [
                -1.0,
                1.2246467991473532e-16
            ],
            "complex_adjust2": [
                1.0,
                -2.4492935982947064e-16
            ],
            "complex_adjust3": [
                -1.0,
                3.6739403974420594e-16
            ]
        },
        "4aa6edfe-73b2-47ee-a983-ea9665941fa4": {
            "complex_adjust0": [
                1.0,
                0.0
            ],
            "complex_adjust1": [
                -1.8369701987210297e-16,
                -1.0
            ],
            "complex_adjust2": [
                -1.0,
                3.6739403974420594e-16
            ],
            "complex_adjust3": [
                5.51091059616309e-16,
                1.0
            ]
        }
    },
    "num_of_levels": 4,
    "lloydcodebook": {
        "626c3764-843a-4e18-a153-0b13a2f4f48e": {
            "complex_adjust0": [
                0.9317860599340608,
                0.20347013468230155
            ],
            "complex_adjust1": [
                0.1882152691963876,
                -0.5314480581992058
            ],
            "complex_adjust2": [
                0.5250960112995218,
                -0.2546026472618323
            ],
            "complex_adjust3": [
                -0.06717150499666832,
                0.5305146635557758
            ]
        },
        "35a6a401-ca7c-4196-9f94-02505174b877": {
            "complex_adjust0": [
                0.7741527858830062,
                -0.12840419068562806
            ],
            "complex_adjust1": [
                -0.1315225120535763,
                -0.02862451208204836
            ],
            "complex_adjust2": [
                0.12004567447364331,
                0.19191531179634613
            ],
            "complex_adjust3": [
                0.032785378391898566,
                0.05763710532487168
            ]
        },
        "a47615e2-e525-471b-9e7c-8efbf5ca37e8": {
            "complex_adjust0": [
                0.6318336636005114,
                0.14257237999181596
            ],
            "complex_adjust1": [
                0.12951074067156623,
                0.2348409931465834
            ],
            "complex_adjust2": [
                -0.2758271801802392,
                -0.18414996622672358
            ],
            "complex_adjust3": [
                -0.0034813975246653153,
                -0.23658386927946382
            ]
        },
        "999e1b5d-3598-4262-bc86-d28f908bc857": {
            "complex_adjust0": [
                0.47420038954945676,
                -0.18930194537611364
            ],
            "complex_adjust1": [
                -0.19022704057839765,
                0.7376645392637409
            ],
            "complex_adjust2": [
                -0.6808775170061178,
                0.26236799283145484
            ],
            "complex_adjust3": [
                0.09647548586390156,
                -0.7094614275103679
            ]
        }
    },
    "sets": {
        "fb938c41-c38d-4d59-a116-8fb4da5d4a39": 2,
        "437fdcff-d40d-4f47-b09d-ff75eead43b1": 55,
        "4da4f4bf-6f39-4af5-9806-42ec2856cfe6": 12,
        "5aaeae65-82fa-4ffd-9c2c-93b18bb4a941": 11
    },
    "mean_distortion_by_round": {
        "1": {
            "0": 0.6967696487087334,
            "1": 0.6967696487087334
        },
        "2": {
            "0": 0.7467914189362899,
            "1": 0.7467914189362899
        }
    }
}