{
    "instance_id": "ca322369-4b54-40b1-9dcc-db14b09850a7",
    "num_of_elements": 4,
    "variance_of_samples": 0.01,
    "use_same_samples_for_all": true,
    "initial_alphabet_opt": "random_from_samples",
    "distortion_measure_opt": "mse",
    "num_of_samples": 8000,
    "num_of_interactions": 20,
    "random_seed": 29826,
    "dftcodebook": {
        "46300985-8485-43fd-9b34-8379d3b943ea": {
            "complex_adjust0": [
                1.0,
                0.0
            ],
            "complex_adjust1": [
                1.0,
                0.0
            ],
            "complex_adjust2": [
                1.0,
                0.0
            ],
            "complex_adjust3": [
                1.0,
                0.0
            ]
        },
        "fa4c7ac1-5c9a-46bc-be12-8720e817503e": {
            "complex_adjust0": [
                1.0,
                0.0
            ],
            "complex_adjust1": [
                6.123233995736766e-17,
                1.0
            ],
            "complex_adjust2": [
                -1.0,
                1.2246467991473532e-16
            ],
            "complex_adjust3": [
                -1.8369701987210297e-16,
                -1.0
            ]
        },
        "8674100d-f590-4138-a26b-69751d4e9182": {
            "complex_adjust0": [
                1.0,
                0.0
            ],
            "complex_adjust1": [
                -1.0,
                1.2246467991473532e-16
            ],
            "complex_adjust2": [
                1.0,
                -2.4492935982947064e-16
            ],
            "complex_adjust3": [
                -1.0,
                3.6739403974420594e-16
            ]
        },
        "77a096a9-425c-41c2-acda-0a85c682659b": {
            "complex_adjust0": [
                1.0,
                0.0
            ],
            "complex_adjust1": [
                -1.8369701987210297e-16,
                -1.0
            ],
            "complex_adjust2": [
                -1.0,
                3.6739403974420594e-16
            ],
            "complex_adjust3": [
                5.51091059616309e-16,
                1.0
            ]
        }
    },
    "num_of_levels": 4,
    "lloydcodebook": {
        "6fa2b204-1a73-4452-ab5d-be67bbd66a2d": {
            "complex_adjust0": [
                0.47559855667821277,
                -0.03612327409172269
            ],
            "complex_adjust1": [
                0.029796969755880295,
                0.46661702394525456
            ],
            "complex_adjust2": [
                -0.49501379125655204,
                0.023802426745314267
            ],
            "complex_adjust3": [
                -0.026296131724480015,
                -0.5546035700529822
            ]
        },
        "b8636cb1-b523-4339-b3c6-d5194ad9b2d4": {
            "complex_adjust0": [
                0.5317486796736478,
                0.017600088504538088
            ],
            "complex_adjust1": [
                0.44422657382366626,
                -0.03363256285034476
            ],
            "complex_adjust2": [
                0.536283167048456,
                0.0022159931406689893
            ],
            "complex_adjust3": [
                0.4790071812504222,
                0.03758663060680945
            ]
        },
        "e27a45c4-3baa-4971-80b6-a3bc34273193": {
            "complex_adjust0": [
                0.5151521472079729,
                0.018944832429272942
            ],
            "complex_adjust1": [
                0.006463286682445074,
                0.5020022810366206
            ],
            "complex_adjust2": [
                -0.46687796621342353,
                -0.02192186884666854
            ],
            "complex_adjust3": [
                0.03277446693536056,
                -0.5125246579027413
            ]
        },
        "c05d92d9-375b-45f2-ad8a-7a0db5e2b9a3": {
            "complex_adjust0": [
                0.4875399949081626,
                0.013143910087930822
            ],
            "complex_adjust1": [
                -0.4039565932309256,
                0.04325575270390466
            ],
            "complex_adjust2": [
                0.5102007202038522,
                -0.018784375705328153
            ],
            "complex_adjust3": [
                -0.5799535953708888,
                -0.00872932901449863
            ]
        }
    },
    "sets": {
        "bc3b3404-0156-42d3-b602-31be95258b70": 629,
        "a612fe83-5ebc-49d3-9aee-9c8ef29e8161": 3587,
        "f919676e-2c1d-4c22-b15a-993cf5f843fe": 1663,
        "a20f05f9-25cf-4fe6-b36d-ea52445ae88b": 2121
    },
    "mean_distortion_by_round": {
        "1": {
            "0": 0.49459471434804947,
            "1": 0.49459471434804947,
            "2": 0.49459471434804947,
            "3": 0.49459471434804947,
            "4": 0.49459471434804947,
            "5": 0.49459471434804947,
            "6": 0.49459471434804947,
            "7": 0.49459471434804947,
            "8": 0.49459471434804947,
            "9": 0.49459471434804947,
            "10": 0.49459471434804947,
            "11": 0.49459471434804947,
            "12": 0.49459471434804947,
            "13": 0.49459471434804947,
            "14": 0.49459471434804947,
            "15": 0.49459471434804947,
            "16": 0.49459471434804947,
            "17": 0.49459471434804947,
            "18": 0.49459471434804947,
            "19": 0.49459471434804947
        }
    }
}