{
    "instance_id": "d2f3b955-b9dd-419c-95b8-8b93d48c5c05",
    "num_of_elements": 4,
    "variance_of_samples": 0.01,
    "use_same_samples_for_all": true,
    "initial_alphabet_opt": "random_from_samples",
    "distortion_measure_opt": "mse",
    "num_of_samples": 8000,
    "num_of_interactions": 20,
    "random_seed": 29826,
    "dftcodebook": {
        "e61a2eed-3e9f-47f2-bf96-c5bd199b68c3": {
            "complex_adjust0": [
                1.0,
                0.0
            ],
            "complex_adjust1": [
                1.0,
                0.0
            ],
            "complex_adjust2": [
                1.0,
                0.0
            ],
            "complex_adjust3": [
                1.0,
                0.0
            ]
        },
        "edf103af-29b3-4e3e-a160-9f75ffe6c069": {
            "complex_adjust0": [
                1.0,
                0.0
            ],
            "complex_adjust1": [
                6.123233995736766e-17,
                1.0
            ],
            "complex_adjust2": [
                -1.0,
                1.2246467991473532e-16
            ],
            "complex_adjust3": [
                -1.8369701987210297e-16,
                -1.0
            ]
        },
        "bd7cc151-5239-439e-9a97-246a2842b5bc": {
            "complex_adjust0": [
                1.0,
                0.0
            ],
            "complex_adjust1": [
                -1.0,
                1.2246467991473532e-16
            ],
            "complex_adjust2": [
                1.0,
                -2.4492935982947064e-16
            ],
            "complex_adjust3": [
                -1.0,
                3.6739403974420594e-16
            ]
        },
        "7950d64d-1fbd-45bd-9519-95fe623c376c": {
            "complex_adjust0": [
                1.0,
                0.0
            ],
            "complex_adjust1": [
                -1.8369701987210297e-16,
                -1.0
            ],
            "complex_adjust2": [
                -1.0,
                3.6739403974420594e-16
            ],
            "complex_adjust3": [
                5.51091059616309e-16,
                1.0
            ]
        }
    },
    "num_of_levels": 4,
    "lloydcodebook": {
        "c04841a5-57d3-48d5-b623-db88260c83b0": {
            "complex_adjust0": [
                0.47559855667821277,
                -0.03612327409172269
            ],
            "complex_adjust1": [
                0.029796969755880295,
                0.46661702394525456
            ],
            "complex_adjust2": [
                -0.49501379125655204,
                0.023802426745314267
            ],
            "complex_adjust3": [
                -0.026296131724480015,
                -0.5546035700529822
            ]
        },
        "b004ad75-4423-4068-8043-167daf0bfc55": {
            "complex_adjust0": [
                0.5317486796736478,
                0.017600088504538088
            ],
            "complex_adjust1": [
                0.44422657382366626,
                -0.03363256285034476
            ],
            "complex_adjust2": [
                0.536283167048456,
                0.0022159931406689893
            ],
            "complex_adjust3": [
                0.4790071812504222,
                0.03758663060680945
            ]
        },
        "22ba2224-1a4b-4deb-a63b-e0a2e46ecfee": {
            "complex_adjust0": [
                0.5151521472079729,
                0.018944832429272942
            ],
            "complex_adjust1": [
                0.006463286682445074,
                0.5020022810366206
            ],
            "complex_adjust2": [
                -0.46687796621342353,
                -0.02192186884666854
            ],
            "complex_adjust3": [
                0.03277446693536056,
                -0.5125246579027413
            ]
        },
        "b91f5514-0331-429a-899b-5146aa175532": {
            "complex_adjust0": [
                0.4875399949081626,
                0.013143910087930822
            ],
            "complex_adjust1": [
                -0.4039565932309256,
                0.04325575270390466
            ],
            "complex_adjust2": [
                0.5102007202038522,
                -0.018784375705328153
            ],
            "complex_adjust3": [
                -0.5799535953708888,
                -0.00872932901449863
            ]
        }
    },
    "sets": {
        "16d01e93-ebb8-4d6f-a0a1-c982e935f22c": 629,
        "b7e8e719-53b0-48dd-9df4-2620be3ebbd1": 3587,
        "9a2a5254-3083-47d3-a515-a7da638b6f75": 1663,
        "cecba7f7-6dd6-46e3-9f7d-3e922cf5537e": 2121
    },
    "mean_distortion_by_round": {
        "1": {
            "0": 0.49459471434804947,
            "1": 0.49459471434804947,
            "2": 0.49459471434804947,
            "3": 0.49459471434804947,
            "4": 0.49459471434804947,
            "5": 0.49459471434804947,
            "6": 0.49459471434804947,
            "7": 0.49459471434804947,
            "8": 0.49459471434804947,
            "9": 0.49459471434804947,
            "10": 0.49459471434804947,
            "11": 0.49459471434804947,
            "12": 0.49459471434804947,
            "13": 0.49459471434804947,
            "14": 0.49459471434804947,
            "15": 0.49459471434804947,
            "16": 0.49459471434804947,
            "17": 0.49459471434804947,
            "18": 0.49459471434804947,
            "19": 0.49459471434804947
        }
    }
}