{
    "instance_id": "d8d5674c-cc7a-4927-89ed-f70a1074e80b",
    "num_of_elements": 4,
    "variance_of_samples": 0.1,
    "use_same_samples_for_all": true,
    "initial_alphabet_opt": "random_from_samples",
    "distortion_measure_opt": "mse",
    "num_of_samples": 8000,
    "num_of_interactions": 20,
    "random_seed": 29826,
    "dftcodebook": {
        "19c3edf4-e982-4ba9-b796-e254a672423a": {
            "complex_adjust0": [
                1.0,
                0.0
            ],
            "complex_adjust1": [
                1.0,
                0.0
            ],
            "complex_adjust2": [
                1.0,
                0.0
            ],
            "complex_adjust3": [
                1.0,
                0.0
            ]
        },
        "d65e1194-095e-413f-8175-056eca472f88": {
            "complex_adjust0": [
                1.0,
                0.0
            ],
            "complex_adjust1": [
                6.123233995736766e-17,
                1.0
            ],
            "complex_adjust2": [
                -1.0,
                1.2246467991473532e-16
            ],
            "complex_adjust3": [
                -1.8369701987210297e-16,
                -1.0
            ]
        },
        "93aae58a-e149-43b8-acbb-45ff5dcc4d56": {
            "complex_adjust0": [
                1.0,
                0.0
            ],
            "complex_adjust1": [
                -1.0,
                1.2246467991473532e-16
            ],
            "complex_adjust2": [
                1.0,
                -2.4492935982947064e-16
            ],
            "complex_adjust3": [
                -1.0,
                3.6739403974420594e-16
            ]
        },
        "fffc6bc6-450c-4d1a-a4ea-8f08be0615cf": {
            "complex_adjust0": [
                1.0,
                0.0
            ],
            "complex_adjust1": [
                -1.8369701987210297e-16,
                -1.0
            ],
            "complex_adjust2": [
                -1.0,
                3.6739403974420594e-16
            ],
            "complex_adjust3": [
                5.51091059616309e-16,
                1.0
            ]
        }
    },
    "num_of_levels": 4,
    "lloydcodebook": {
        "0c8ab681-17d0-44ba-b181-e9e1b01503dc": {
            "complex_adjust0": [
                0.40882751481254825,
                -0.11388456256323796
            ],
            "complex_adjust1": [
                0.09393984769326394,
                0.38051175573038004
            ],
            "complex_adjust2": [
                -0.4700372349337781,
                0.07504106496411865
            ],
            "complex_adjust3": [
                -0.08290288003638897,
                -0.657903812980938
            ]
        },
        "5f32307a-c75f-40df-ad8f-de651a5b0a85": {
            "complex_adjust0": [
                0.5721687714146285,
                0.044892697335610326
            ],
            "complex_adjust1": [
                0.34892538220750197,
                -0.0857868677349043
            ],
            "complex_adjust2": [
                0.5837349274164534,
                0.005652352789941404
            ],
            "complex_adjust3": [
                0.4376405771314047,
                0.09587254241714784
            ]
        },
        "7fad2683-c2c5-4497-a54f-dc8312f61a0f": {
            "complex_adjust0": [
                0.5406411422282758,
                0.05754609314654638
            ],
            "complex_adjust1": [
                0.019632630631565305,
                0.5006976153384843
            ],
            "complex_adjust2": [
                -0.39400534977897894,
                -0.06658902427912251
            ],
            "complex_adjust3": [
                0.09955445814217996,
                -0.5326599819374737
            ]
        },
        "91e45ef0-a57b-4505-bf69-093ee2197e0e": {
            "complex_adjust0": [
                0.4265606629843246,
                0.041756004485968265
            ],
            "complex_adjust1": [
                -0.16103017228263228,
                0.1374162933149304
            ],
            "complex_adjust2": [
                0.4985499980278564,
                -0.05967482058006606
            ],
            "complex_adjust3": [
                -0.7201432186828277,
                -0.027731618601347634
            ]
        }
    },
    "sets": {
        "d78c83ed-5c68-4ac1-933b-bbdc609eec90": 721,
        "6d9b8cf9-e38e-4a5c-9a4c-a19dd066e753": 3503,
        "8c3119b9-09da-446e-a10e-3e4e83ff5423": 1658,
        "c1cdccae-fc60-470e-87c0-db61480d3a8d": 2118
    },
    "mean_distortion_by_round": {
        "1": {
            "0": 0.5751509273894405,
            "1": 0.5751509273894405,
            "2": 0.5751509273894405,
            "3": 0.5751509273894405,
            "4": 0.5751509273894405,
            "5": 0.5751509273894405,
            "6": 0.5751509273894405,
            "7": 0.5751509273894405,
            "8": 0.5751509273894405,
            "9": 0.5751509273894405,
            "10": 0.5751509273894405,
            "11": 0.5751509273894405,
            "12": 0.5751509273894405,
            "13": 0.5751509273894405,
            "14": 0.5751509273894405,
            "15": 0.5751509273894405,
            "16": 0.5751509273894405,
            "17": 0.5751509273894405,
            "18": 0.5751509273894405,
            "19": 0.5751509273894405
        }
    }
}