{
    "instance_id": "e6ae930f-5328-49a3-8099-8c927686025e",
    "num_of_elements": 4,
    "variance_of_samples": 0.01,
    "use_same_samples_for_all": true,
    "initial_alphabet_opt": "unitary_until_num_of_elements",
    "distortion_measure_opt": "mse",
    "num_of_samples": 8000,
    "num_of_interactions": 20,
    "random_seed": 86063,
    "dftcodebook": {
        "89e6393a-0435-4fab-ad33-989706298eb5": {
            "complex_adjust0": [
                1.0,
                0.0
            ],
            "complex_adjust1": [
                1.0,
                0.0
            ],
            "complex_adjust2": [
                1.0,
                0.0
            ],
            "complex_adjust3": [
                1.0,
                0.0
            ]
        },
        "590c54c9-4d65-4914-a9da-b608c05268bb": {
            "complex_adjust0": [
                1.0,
                0.0
            ],
            "complex_adjust1": [
                6.123233995736766e-17,
                1.0
            ],
            "complex_adjust2": [
                -1.0,
                1.2246467991473532e-16
            ],
            "complex_adjust3": [
                -1.8369701987210297e-16,
                -1.0
            ]
        },
        "58a62da8-b51b-4e83-b938-7d47195f3103": {
            "complex_adjust0": [
                1.0,
                0.0
            ],
            "complex_adjust1": [
                -1.0,
                1.2246467991473532e-16
            ],
            "complex_adjust2": [
                1.0,
                -2.4492935982947064e-16
            ],
            "complex_adjust3": [
                -1.0,
                3.6739403974420594e-16
            ]
        },
        "99cc2902-7dcf-4c23-85a7-94953f7a68fa": {
            "complex_adjust0": [
                1.0,
                0.0
            ],
            "complex_adjust1": [
                -1.8369701987210297e-16,
                -1.0
            ],
            "complex_adjust2": [
                -1.0,
                3.6739403974420594e-16
            ],
            "complex_adjust3": [
                5.51091059616309e-16,
                1.0
            ]
        }
    },
    "num_of_levels": 4,
    "lloydcodebook": {
        "a087a162-fab1-4b50-bf7c-05dbc4556492": {
            "complex_adjust0": [
                0.7285215275290909,
                -0.0013626850871828562
            ],
            "complex_adjust1": [
                0.30177005579039273,
                -0.39163794085148373
            ],
            "complex_adjust2": [
                -0.03647941887659565,
                0.047140376566447845
            ],
            "complex_adjust3": [
                0.5074302681985828,
                0.4023684404425563
            ]
        },
        "cd744f6c-f3b5-4086-9cca-eb76faaa0385": {
            "complex_adjust0": [
                0.6882872793962028,
                0.0011068781530703996
            ],
            "complex_adjust1": [
                0.40734460637573777,
                -0.3122446037315696
            ],
            "complex_adjust2": [
                0.03620896264081185,
                -0.043363927786820064
            ],
            "complex_adjust3": [
                0.19537280936758072,
                0.30502960731104484
            ]
        },
        "2f7ae28d-35c2-4fe6-b4cc-af1302b9dc53": {
            "complex_adjust0": [
                0.7276461834387199,
                -0.0016008146482936955
            ],
            "complex_adjust1": [
                -0.4039713710511431,
                0.3138329286988914
            ],
            "complex_adjust2": [
                -0.034926788636064444,
                0.04567561909759695
            ],
            "complex_adjust3": [
                -0.19891822421694516,
                -0.3050246923277095
            ]
        },
        "29c7a8e5-2324-4ba4-967e-2a15c4433887": {
            "complex_adjust0": [
                0.6874119353058318,
                0.0008687485919595602
            ],
            "complex_adjust1": [
                -0.2983968204657981,
                0.39322626581880554
            ],
            "complex_adjust2": [
                0.03776159288134306,
                -0.04482868525567096
            ],
            "complex_adjust3": [
                -0.5109756830479473,
                -0.402363525459221
            ]
        }
    },
    "sets": {
        "524920c5-b764-4c5b-b334-eabb00081cae": 107,
        "0edafa35-31dd-47b5-a60e-2939ad0f0e88": 3893,
        "16cad74c-f666-4500-948f-2713829e04a7": 2371,
        "bd1d3d86-d284-4597-963d-6e124189aebb": 1629
    },
    "mean_distortion_by_round": {
        "1": {
            "0": 0.6914076294763017,
            "1": 0.6914076294763017,
            "2": 0.6914076294763017,
            "3": 0.6914076294763017,
            "4": 0.6914076294763017,
            "5": 0.6914076294763017,
            "6": 0.6914076294763017,
            "7": 0.6914076294763017,
            "8": 0.6914076294763017,
            "9": 0.6914076294763017,
            "10": 0.6914076294763017,
            "11": 0.6914076294763017,
            "12": 0.6914076294763017,
            "13": 0.6914076294763017,
            "14": 0.6914076294763017,
            "15": 0.6914076294763017,
            "16": 0.6914076294763017,
            "17": 0.6914076294763017,
            "18": 0.6914076294763017,
            "19": 0.6914076294763017
        },
        "2": {
            "0": 0.5810332972245106,
            "1": 0.5810332972245106,
            "2": 0.5810332972245106,
            "3": 0.5810332972245106,
            "4": 0.5810332972245106,
            "5": 0.5810332972245106,
            "6": 0.5810332972245106,
            "7": 0.5810332972245106,
            "8": 0.5810332972245106,
            "9": 0.5810332972245106,
            "10": 0.5810332972245106,
            "11": 0.5810332972245106,
            "12": 0.5810332972245106,
            "13": 0.5810332972245106,
            "14": 0.5810332972245106,
            "15": 0.5810332972245106,
            "16": 0.5810332972245106,
            "17": 0.5810332972245106,
            "18": 0.5810332972245106,
            "19": 0.5810332972245106
        }
    }
}