{
    "instance_id": "eaec85ce-4799-41bd-af07-a4ae738c7f9a",
    "num_of_elements": 4,
    "variance_of_samples": 0.1,
    "use_same_samples_for_all": true,
    "initial_alphabet_opt": "random_from_samples",
    "distortion_measure_opt": "mse",
    "num_of_samples": 8000,
    "num_of_interactions": 20,
    "random_seed": 29826,
    "dftcodebook": {
        "cfea66b3-f31c-4b20-8436-4734d6431494": {
            "complex_adjust0": [
                1.0,
                0.0
            ],
            "complex_adjust1": [
                1.0,
                0.0
            ],
            "complex_adjust2": [
                1.0,
                0.0
            ],
            "complex_adjust3": [
                1.0,
                0.0
            ]
        },
        "ecf2daa2-7652-46d7-a49f-3a6e043b1bd3": {
            "complex_adjust0": [
                1.0,
                0.0
            ],
            "complex_adjust1": [
                6.123233995736766e-17,
                1.0
            ],
            "complex_adjust2": [
                -1.0,
                1.2246467991473532e-16
            ],
            "complex_adjust3": [
                -1.8369701987210297e-16,
                -1.0
            ]
        },
        "dfb9b2c1-8d27-49dd-bddb-fa1247177930": {
            "complex_adjust0": [
                1.0,
                0.0
            ],
            "complex_adjust1": [
                -1.0,
                1.2246467991473532e-16
            ],
            "complex_adjust2": [
                1.0,
                -2.4492935982947064e-16
            ],
            "complex_adjust3": [
                -1.0,
                3.6739403974420594e-16
            ]
        },
        "b709a137-01f5-4905-8b91-53a481ff176c": {
            "complex_adjust0": [
                1.0,
                0.0
            ],
            "complex_adjust1": [
                -1.8369701987210297e-16,
                -1.0
            ],
            "complex_adjust2": [
                -1.0,
                3.6739403974420594e-16
            ],
            "complex_adjust3": [
                5.51091059616309e-16,
                1.0
            ]
        }
    },
    "num_of_levels": 4,
    "lloydcodebook": {
        "8f7ce6fb-35d1-462b-9ed1-7ed991f0a042": {
            "complex_adjust0": [
                0.40882751481254825,
                -0.11388456256323796
            ],
            "complex_adjust1": [
                0.09393984769326394,
                0.38051175573038004
            ],
            "complex_adjust2": [
                -0.4700372349337781,
                0.07504106496411865
            ],
            "complex_adjust3": [
                -0.08290288003638897,
                -0.657903812980938
            ]
        },
        "6a8d6fe6-60cd-48c6-8028-8fe1cb74446f": {
            "complex_adjust0": [
                0.5721687714146285,
                0.044892697335610326
            ],
            "complex_adjust1": [
                0.34892538220750197,
                -0.0857868677349043
            ],
            "complex_adjust2": [
                0.5837349274164534,
                0.005652352789941404
            ],
            "complex_adjust3": [
                0.4376405771314047,
                0.09587254241714784
            ]
        },
        "390391ab-f84c-493c-8ac6-1bda5cb13637": {
            "complex_adjust0": [
                0.5406411422282758,
                0.05754609314654638
            ],
            "complex_adjust1": [
                0.019632630631565305,
                0.5006976153384843
            ],
            "complex_adjust2": [
                -0.39400534977897894,
                -0.06658902427912251
            ],
            "complex_adjust3": [
                0.09955445814217996,
                -0.5326599819374737
            ]
        },
        "4621db0c-710a-48c5-b151-9be214f08875": {
            "complex_adjust0": [
                0.4265606629843246,
                0.041756004485968265
            ],
            "complex_adjust1": [
                -0.16103017228263228,
                0.1374162933149304
            ],
            "complex_adjust2": [
                0.4985499980278564,
                -0.05967482058006606
            ],
            "complex_adjust3": [
                -0.7201432186828277,
                -0.027731618601347634
            ]
        }
    },
    "sets": {
        "bc0276ec-284f-48e1-8922-24da2c35c2a7": 721,
        "655a28ae-284e-4fc9-a29e-e9ff6f8344e6": 3503,
        "2d96737a-98da-49f3-bf73-2301749655c5": 1658,
        "81749d7c-8bb0-449f-be13-9332332ae317": 2118
    },
    "mean_distortion_by_round": {
        "1": {
            "0": 0.5751509273894405,
            "1": 0.5751509273894405,
            "2": 0.5751509273894405,
            "3": 0.5751509273894405,
            "4": 0.5751509273894405,
            "5": 0.5751509273894405,
            "6": 0.5751509273894405,
            "7": 0.5751509273894405,
            "8": 0.5751509273894405,
            "9": 0.5751509273894405,
            "10": 0.5751509273894405,
            "11": 0.5751509273894405,
            "12": 0.5751509273894405,
            "13": 0.5751509273894405,
            "14": 0.5751509273894405,
            "15": 0.5751509273894405,
            "16": 0.5751509273894405,
            "17": 0.5751509273894405,
            "18": 0.5751509273894405,
            "19": 0.5751509273894405
        }
    }
}