{
    "instance_id": "ef5f6dce-bf74-4f00-8654-95323ce53e4b",
    "num_of_elements": 4,
    "variance_of_samples": 0.01,
    "use_same_samples_for_all": true,
    "initial_alphabet_opt": "random_from_samples",
    "distortion_measure_opt": "mse",
    "num_of_samples": 8000,
    "num_of_interactions": 20,
    "random_seed": 29826,
    "dftcodebook": {
        "81d8dc4d-23c5-4fb2-b41b-7dab932b1830": {
            "complex_adjust0": [
                1.0,
                0.0
            ],
            "complex_adjust1": [
                1.0,
                0.0
            ],
            "complex_adjust2": [
                1.0,
                0.0
            ],
            "complex_adjust3": [
                1.0,
                0.0
            ]
        },
        "f91d2232-6c35-495d-9d3b-dcff78549439": {
            "complex_adjust0": [
                1.0,
                0.0
            ],
            "complex_adjust1": [
                6.123233995736766e-17,
                1.0
            ],
            "complex_adjust2": [
                -1.0,
                1.2246467991473532e-16
            ],
            "complex_adjust3": [
                -1.8369701987210297e-16,
                -1.0
            ]
        },
        "74e7fdae-5af7-4664-b906-3c39a6a5a43f": {
            "complex_adjust0": [
                1.0,
                0.0
            ],
            "complex_adjust1": [
                -1.0,
                1.2246467991473532e-16
            ],
            "complex_adjust2": [
                1.0,
                -2.4492935982947064e-16
            ],
            "complex_adjust3": [
                -1.0,
                3.6739403974420594e-16
            ]
        },
        "a49eacc0-c1df-4a6a-a7e2-5e4e5e467a2c": {
            "complex_adjust0": [
                1.0,
                0.0
            ],
            "complex_adjust1": [
                -1.8369701987210297e-16,
                -1.0
            ],
            "complex_adjust2": [
                -1.0,
                3.6739403974420594e-16
            ],
            "complex_adjust3": [
                5.51091059616309e-16,
                1.0
            ]
        }
    },
    "num_of_levels": 4,
    "lloydcodebook": {
        "361201a4-d0d8-4b13-acf3-6a2d1fc78819": {
            "complex_adjust0": [
                0.47559855667821277,
                -0.03612327409172269
            ],
            "complex_adjust1": [
                0.029796969755880295,
                0.46661702394525456
            ],
            "complex_adjust2": [
                -0.49501379125655204,
                0.023802426745314267
            ],
            "complex_adjust3": [
                -0.026296131724480015,
                -0.5546035700529822
            ]
        },
        "6fa93869-9f38-4f09-94bc-c56b130bc4d7": {
            "complex_adjust0": [
                0.5317486796736478,
                0.017600088504538088
            ],
            "complex_adjust1": [
                0.44422657382366626,
                -0.03363256285034476
            ],
            "complex_adjust2": [
                0.536283167048456,
                0.0022159931406689893
            ],
            "complex_adjust3": [
                0.4790071812504222,
                0.03758663060680945
            ]
        },
        "6ddfe827-76db-4c63-8340-ac218e8bde43": {
            "complex_adjust0": [
                0.5151521472079729,
                0.018944832429272942
            ],
            "complex_adjust1": [
                0.006463286682445074,
                0.5020022810366206
            ],
            "complex_adjust2": [
                -0.46687796621342353,
                -0.02192186884666854
            ],
            "complex_adjust3": [
                0.03277446693536056,
                -0.5125246579027413
            ]
        },
        "4acee214-9e21-4889-a10a-1f9faf792907": {
            "complex_adjust0": [
                0.4875399949081626,
                0.013143910087930822
            ],
            "complex_adjust1": [
                -0.4039565932309256,
                0.04325575270390466
            ],
            "complex_adjust2": [
                0.5102007202038522,
                -0.018784375705328153
            ],
            "complex_adjust3": [
                -0.5799535953708888,
                -0.00872932901449863
            ]
        }
    },
    "sets": {
        "ac650d1e-c538-44b6-b226-4db12d302c5c": 629,
        "bde66eca-b7c8-4a64-9597-252abcb65045": 3587,
        "9d8c1cbd-a9d3-4479-8744-6bf421fa53e9": 1663,
        "e5f2bca4-5d5f-4605-984a-cb4d5ff24716": 2121
    },
    "mean_distortion_by_round": {
        "1": {
            "0": 0.49459471434804947,
            "1": 0.49459471434804947,
            "2": 0.49459471434804947,
            "3": 0.49459471434804947,
            "4": 0.49459471434804947,
            "5": 0.49459471434804947,
            "6": 0.49459471434804947,
            "7": 0.49459471434804947,
            "8": 0.49459471434804947,
            "9": 0.49459471434804947,
            "10": 0.49459471434804947,
            "11": 0.49459471434804947,
            "12": 0.49459471434804947,
            "13": 0.49459471434804947,
            "14": 0.49459471434804947,
            "15": 0.49459471434804947,
            "16": 0.49459471434804947,
            "17": 0.49459471434804947,
            "18": 0.49459471434804947,
            "19": 0.49459471434804947
        }
    }
}