{
    "instance_id": "ef7585f1-eb37-4d89-9ec8-111697b2b88f",
    "num_of_elements": 4,
    "variance_of_samples": 0.01,
    "use_same_samples_for_all": false,
    "initial_alphabet_opt": "unitary_until_num_of_elements",
    "distortion_measure_opt": "mse",
    "num_of_samples": 80,
    "num_of_interactions": 2,
    "random_seed": 172650,
    "dftcodebook": {
        "f0253fc3-33b7-42f8-b157-e3b3529818ac": {
            "complex_adjust0": [
                1.0,
                0.0
            ],
            "complex_adjust1": [
                1.0,
                0.0
            ],
            "complex_adjust2": [
                1.0,
                0.0
            ],
            "complex_adjust3": [
                1.0,
                0.0
            ]
        },
        "4bc19ea1-683e-4f1e-bf5d-6f3725acdba1": {
            "complex_adjust0": [
                1.0,
                0.0
            ],
            "complex_adjust1": [
                6.123233995736766e-17,
                1.0
            ],
            "complex_adjust2": [
                -1.0,
                1.2246467991473532e-16
            ],
            "complex_adjust3": [
                -1.8369701987210297e-16,
                -1.0
            ]
        },
        "dfc37dec-537f-4a4a-9fd2-9fbd2b85c2f0": {
            "complex_adjust0": [
                1.0,
                0.0
            ],
            "complex_adjust1": [
                -1.0,
                1.2246467991473532e-16
            ],
            "complex_adjust2": [
                1.0,
                -2.4492935982947064e-16
            ],
            "complex_adjust3": [
                -1.0,
                3.6739403974420594e-16
            ]
        },
        "55f15cdd-53fd-41ec-8870-33ae891ed331": {
            "complex_adjust0": [
                1.0,
                0.0
            ],
            "complex_adjust1": [
                -1.8369701987210297e-16,
                -1.0
            ],
            "complex_adjust2": [
                -1.0,
                3.6739403974420594e-16
            ],
            "complex_adjust3": [
                5.51091059616309e-16,
                1.0
            ]
        }
    },
    "num_of_levels": 4,
    "lloydcodebook": {
        "d0154d8d-e8bb-4a26-a1a9-b33886b00e45": {
            "complex_adjust0": [
                0.5927463120129898,
                0.038862335795372065
            ],
            "complex_adjust1": [
                -0.07155860878779416,
                0.5660810031194901
            ],
            "complex_adjust2": [
                -0.44453012189140956,
                0.06440219845215345
            ],
            "complex_adjust3": [
                -0.1653024314082307,
                -0.5093244863553708
            ]
        },
        "a58ee913-4f4a-4cec-a5ad-8ea3f05f3570": {
            "complex_adjust0": [
                0.5892714904447504,
                -0.008689392916537595
            ],
            "complex_adjust1": [
                -0.1274066254878811,
                0.4313250611023546
            ],
            "complex_adjust2": [
                -0.3485399463294074,
                -0.07622399656939244
            ],
            "complex_adjust3": [
                -0.03945957085744589,
                -0.43750713605897135
            ]
        },
        "5ce4ebe4-37da-4445-98c3-56a5a05379aa": {
            "complex_adjust0": [
                0.8631996754136047,
                0.02984035399419609
            ],
            "complex_adjust1": [
                0.1052628871109418,
                -0.22898914492214395
            ],
            "complex_adjust2": [
                0.19497150440166247,
                0.06124760857312059
            ],
            "complex_adjust3": [
                -0.00219407291428661,
                0.2822555262843101
            ]
        },
        "124c2de0-84f9-4d9c-ac52-642ca0a7540a": {
            "complex_adjust0": [
                0.8597248538453652,
                -0.017711374717713568
            ],
            "complex_adjust1": [
                0.049414870410854864,
                -0.3637450869392794
            ],
            "complex_adjust2": [
                0.2909616799636646,
                -0.0793785864484253
            ],
            "complex_adjust3": [
                0.1236487876364982,
                0.35407287658070946
            ]
        }
    },
    "sets": {
        "278955cf-59c6-4cf3-a43f-4dfdf1bc9022": 10,
        "c62b1871-c872-4833-a412-a8ba646d243c": 10,
        "72a0f5f1-8e66-4062-960a-ca3d2cec820d": 55,
        "9b550596-2858-446b-84f0-b5a2c0b66f93": 5
    },
    "mean_distortion_by_round": {
        "1": {
            "0": 0.691348489834506,
            "1": 0.691348489834506
        },
        "2": {
            "0": 0.6359598779348363,
            "1": 0.6359598779348363
        }
    }
}