{
    "instance_id": "fcb06ca6-b12d-4722-9516-27ed04675ec7",
    "num_of_elements": 4,
    "variance_of_samples": 0.1,
    "use_same_samples_for_all": false,
    "initial_alphabet_opt": "random_from_samples",
    "distortion_measure_opt": "mse",
    "num_of_samples": 80,
    "num_of_interactions": 2,
    "random_seed": 297914,
    "dftcodebook": {
        "b52eabd2-2219-4c95-bc0b-8fdf316d41a1": {
            "complex_adjust0": [
                1.0,
                0.0
            ],
            "complex_adjust1": [
                1.0,
                0.0
            ],
            "complex_adjust2": [
                1.0,
                0.0
            ],
            "complex_adjust3": [
                1.0,
                0.0
            ]
        },
        "014ce28e-348d-4c84-a824-fbab14d93ea4": {
            "complex_adjust0": [
                1.0,
                0.0
            ],
            "complex_adjust1": [
                6.123233995736766e-17,
                1.0
            ],
            "complex_adjust2": [
                -1.0,
                1.2246467991473532e-16
            ],
            "complex_adjust3": [
                -1.8369701987210297e-16,
                -1.0
            ]
        },
        "f94ddc23-b78d-4974-b4be-b86ed6fbe91b": {
            "complex_adjust0": [
                1.0,
                0.0
            ],
            "complex_adjust1": [
                -1.0,
                1.2246467991473532e-16
            ],
            "complex_adjust2": [
                1.0,
                -2.4492935982947064e-16
            ],
            "complex_adjust3": [
                -1.0,
                3.6739403974420594e-16
            ]
        },
        "e80f7965-ca2b-4c6b-bfb9-59a339f674e4": {
            "complex_adjust0": [
                1.0,
                0.0
            ],
            "complex_adjust1": [
                -1.8369701987210297e-16,
                -1.0
            ],
            "complex_adjust2": [
                -1.0,
                3.6739403974420594e-16
            ],
            "complex_adjust3": [
                5.51091059616309e-16,
                1.0
            ]
        }
    },
    "num_of_levels": 4,
    "lloydcodebook": {
        "5e0c00ed-7e2c-4ce9-a918-62da2207d744": {
            "complex_adjust0": [
                0.4140124526041951,
                0.058974819436246356
            ],
            "complex_adjust1": [
                -0.5198745488491641,
                -0.14441840594795544
            ],
            "complex_adjust2": [
                0.3854277877276037,
                -0.10424113575941751
            ],
            "complex_adjust3": [
                -0.5875553734701526,
                -0.17131061383578203
            ]
        },
        "6ca73388-1d79-4a56-9a69-cedbe6105ca0": {
            "complex_adjust0": [
                0.4894606854928873,
                -0.041915035006393736
            ],
            "complex_adjust1": [
                0.04704417116731906,
                0.4242687181530853
            ],
            "complex_adjust2": [
                -0.6202639972311536,
                -0.0055024542701146775
            ],
            "complex_adjust3": [
                -0.03403948690301893,
                -0.43650644671113326
            ]
        },
        "48b18c35-f968-4346-ac34-40f64bb22618": {
            "complex_adjust0": [
                0.48188408373919156,
                0.017354089662251986
            ],
            "complex_adjust1": [
                0.1326230536846288,
                -0.6135258074487117
            ],
            "complex_adjust2": [
                -0.4682329016197619,
                0.04990510957902582
            ],
            "complex_adjust3": [
                -0.034616532061161685,
                0.38801146919041885
            ]
        },
        "cab56367-f0a9-42ec-a6c5-d76dc8c470e0": {
            "complex_adjust0": [
                0.4139705167573489,
                0.01800554740605255
            ],
            "complex_adjust1": [
                -0.016406937788269047,
                0.6057575860638912
            ],
            "complex_adjust2": [
                -0.5723835066730069,
                -0.045913932726632224
            ],
            "complex_adjust3": [
                -0.24964119360798556,
                -0.2627566885180806
            ]
        }
    },
    "sets": {
        "cc98d14c-6d27-46c8-8994-3d78e97a2772": 21,
        "42cf9584-9000-403c-b106-a762ccfdc242": 22,
        "ed42c8e7-da60-4785-8b6a-4ec146f96c49": 34,
        "5dd2f372-a752-4545-b36b-33b80e25e2c3": 3
    },
    "mean_distortion_by_round": {
        "1": {
            "0": 0.5699091946321604,
            "1": 0.5699091946321604
        }
    }
}