{
    "instance_id": "fe136b5a-4927-472a-b4dd-d6db0927618b",
    "num_of_elements": 4,
    "variance_of_samples": 0.1,
    "use_same_samples_for_all": true,
    "initial_alphabet_opt": "random_from_samples",
    "distortion_measure_opt": "mse",
    "num_of_samples": 8000,
    "num_of_interactions": 20,
    "random_seed": 29826,
    "dftcodebook": {
        "886b1bd7-7aca-4fa1-b823-45a6566b51b1": {
            "complex_adjust0": [
                1.0,
                0.0
            ],
            "complex_adjust1": [
                1.0,
                0.0
            ],
            "complex_adjust2": [
                1.0,
                0.0
            ],
            "complex_adjust3": [
                1.0,
                0.0
            ]
        },
        "956b5a0e-e594-438f-a029-411dd2f13cff": {
            "complex_adjust0": [
                1.0,
                0.0
            ],
            "complex_adjust1": [
                6.123233995736766e-17,
                1.0
            ],
            "complex_adjust2": [
                -1.0,
                1.2246467991473532e-16
            ],
            "complex_adjust3": [
                -1.8369701987210297e-16,
                -1.0
            ]
        },
        "68ef0d76-78fc-419a-8d84-49a3af6bb7aa": {
            "complex_adjust0": [
                1.0,
                0.0
            ],
            "complex_adjust1": [
                -1.0,
                1.2246467991473532e-16
            ],
            "complex_adjust2": [
                1.0,
                -2.4492935982947064e-16
            ],
            "complex_adjust3": [
                -1.0,
                3.6739403974420594e-16
            ]
        },
        "5dbe1fb1-b809-4939-b237-8eaadfd2aa58": {
            "complex_adjust0": [
                1.0,
                0.0
            ],
            "complex_adjust1": [
                -1.8369701987210297e-16,
                -1.0
            ],
            "complex_adjust2": [
                -1.0,
                3.6739403974420594e-16
            ],
            "complex_adjust3": [
                5.51091059616309e-16,
                1.0
            ]
        }
    },
    "num_of_levels": 4,
    "lloydcodebook": {
        "89bffad5-31b8-4974-8289-c1c4c2ed7529": {
            "complex_adjust0": [
                0.40882751481254825,
                -0.11388456256323796
            ],
            "complex_adjust1": [
                0.09393984769326394,
                0.38051175573038004
            ],
            "complex_adjust2": [
                -0.4700372349337781,
                0.07504106496411865
            ],
            "complex_adjust3": [
                -0.08290288003638897,
                -0.657903812980938
            ]
        },
        "270d1c4f-9462-4317-a1e0-0a922fa3b551": {
            "complex_adjust0": [
                0.5721687714146285,
                0.044892697335610326
            ],
            "complex_adjust1": [
                0.34892538220750197,
                -0.0857868677349043
            ],
            "complex_adjust2": [
                0.5837349274164534,
                0.005652352789941404
            ],
            "complex_adjust3": [
                0.4376405771314047,
                0.09587254241714784
            ]
        },
        "b39bb219-bd22-4fec-9161-445ac18dc6ba": {
            "complex_adjust0": [
                0.5406411422282758,
                0.05754609314654638
            ],
            "complex_adjust1": [
                0.019632630631565305,
                0.5006976153384843
            ],
            "complex_adjust2": [
                -0.39400534977897894,
                -0.06658902427912251
            ],
            "complex_adjust3": [
                0.09955445814217996,
                -0.5326599819374737
            ]
        },
        "d6c32807-d3c9-44be-83d6-bebcecc597d3": {
            "complex_adjust0": [
                0.4265606629843246,
                0.041756004485968265
            ],
            "complex_adjust1": [
                -0.16103017228263228,
                0.1374162933149304
            ],
            "complex_adjust2": [
                0.4985499980278564,
                -0.05967482058006606
            ],
            "complex_adjust3": [
                -0.7201432186828277,
                -0.027731618601347634
            ]
        }
    },
    "sets": {
        "6f90be54-cc4b-454d-87d1-34e7635e860c": 721,
        "26d00a6e-7fcd-4d1b-9814-e3e7e8cd0e0f": 3503,
        "2ca4627d-edae-44e9-aa0a-6bda9578e470": 1658,
        "62b5b6e3-db0c-4cd4-bb1d-db4ecdcc0376": 2118
    },
    "mean_distortion_by_round": {
        "1": {
            "0": 0.5751509273894405,
            "1": 0.5751509273894405,
            "2": 0.5751509273894405,
            "3": 0.5751509273894405,
            "4": 0.5751509273894405,
            "5": 0.5751509273894405,
            "6": 0.5751509273894405,
            "7": 0.5751509273894405,
            "8": 0.5751509273894405,
            "9": 0.5751509273894405,
            "10": 0.5751509273894405,
            "11": 0.5751509273894405,
            "12": 0.5751509273894405,
            "13": 0.5751509273894405,
            "14": 0.5751509273894405,
            "15": 0.5751509273894405,
            "16": 0.5751509273894405,
            "17": 0.5751509273894405,
            "18": 0.5751509273894405,
            "19": 0.5751509273894405
        }
    }
}